quote_date,240020_Nav,519069_Nav,460005_Nav,161005_Nav,166005_Nav,163412_Nav,002001_Nav
2018-05-22,2.3110,4.0880,3.6048,4.9403,2.7534,4.3480,4.4980
2018-05-21,2.2760,4.0710,3.5790,4.9299,2.7478,4.3690,4.4970
2018-05-18,2.2680,4.0490,3.5497,4.9014,2.7390,4.3450,4.4960
2018-05-17,2.2600,4.0250,3.5414,4.8887,2.7176,4.3060,4.4880
2018-05-16,2.2960,4.0310,3.5739,4.9128,2.7387,4.3390,4.5070
2018-05-15,2.2780,4.0390,3.5740,4.9196,2.7357,4.3690,4.5110
2018-05-14,2.2510,4.0040,3.5387,4.8807,2.7145,4.3450,4.5030
2018-05-11,2.2410,3.9830,3.5219,4.8751,2.7039,4.3100,4.4870
2018-05-10,2.2850,3.9970,3.5553,4.9007,2.7242,4.3370,4.4980
2018-05-09,2.2530,3.9760,3.5443,4.8866,2.7059,4.3200,4.4820
2018-05-08,2.2620,3.9820,3.5472,4.8872,2.6996,4.3180,4.4850
2018-05-07,2.2730,3.9700,3.5415,4.8746,2.6845,4.2790,4.4730
2018-05-04,2.2280,3.9420,3.4806,4.8415,2.6439,4.2320,4.4380
2018-05-03,2.1980,3.9310,3.4728,4.8376,2.6350,4.2350,4.4400
2018-05-02,2.1920,3.9230,3.4611,4.8133,2.6231,4.1900,4.4210
2018-04-27,2.1750,3.9030,3.4388,4.8001,2.5994,4.1690,4.4140
2018-04-26,2.1540,3.8730,3.4178,4.7934,2.5897,4.1290,4.4150
2018-04-25,2.1850,3.9110,3.4543,4.8449,2.6195,4.1810,4.4420
2018-04-24,2.1430,3.8770,3.4163,4.8254,2.6198,4.1710,4.4420
2018-04-23,2.1040,3.8170,3.3412,4.7594,2.5767,4.0920,4.4120
2018-04-20,2.1210,3.8300,3.3832,4.7836,2.5867,4.1150,4.4180
2018-04-19,2.1350,3.8490,3.4284,4.8201,2.6199,4.1680,4.4280
2018-04-18,2.1200,3.8150,3.4312,4.8052,2.5965,4.1370,4.4050
2018-04-17,2.1070,3.8230,3.3872,4.7913,2.5986,4.1310,4.4050
2018-04-16,2.1570,3.8710,3.4611,4.8337,2.6347,4.1770,4.4310
2018-04-13,2.1550,3.9040,3.4448,4.8300,2.6494,4.2070,4.4370
2018-04-12,2.1930,3.9290,3.4657,4.8485,2.6639,4.2310,4.4500
2018-04-11,2.1820,3.9370,3.4536,4.8559,2.6730,4.2730,4.4580
2018-04-10,2.1810,3.9230,3.4385,4.8394,2.6649,4.2480,4.4520
2018-04-09,2.1660,3.8630,3.4267,4.8083,2.6377,4.1990,4.4330
2018-04-04,2.1570,3.8790,3.4324,4.8071,2.6339,4.2220,4.4430
2018-04-03,2.1660,3.8920,3.4636,4.8254,2.6228,4.2370,4.4330
2018-04-02,2.1710,3.9130,3.4853,4.8460,2.6342,4.2370,4.4360
2018-03-30,2.1800,3.9200,3.4798,4.8442,2.6377,4.2580,4.4400
2018-03-29,2.1200,3.9000,3.4239,4.8093,2.6275,4.2200,4.4350
2018-03-28,2.1410,3.8860,3.4258,4.8005,2.5987,4.1730,4.4100
2018-03-27,2.1710,3.9360,3.4639,4.8234,2.6259,4.2490,4.4430
2018-03-26,2.1470,3.9190,3.4142,4.7896,2.6072,4.2190,4.4380
2018-03-23,2.0990,3.9140,3.3518,4.7584,2.6133,4.2510,4.4340
2018-03-22,2.1450,3.9730,3.4377,4.8412,2.6743,4.3340,4.4640
2018-03-21,2.1680,4.0080,3.4664,4.8652,2.6987,4.3810,4.4880
2018-03-20,2.1890,4.0120,3.4867,4.8925,2.7090,4.4160,4.4940
2018-03-19,2.1590,3.9960,3.4554,4.8710,2.6978,4.4000,4.4930
2018-03-16,2.1240,3.9630,3.4329,4.8573,2.6905,4.3830,4.4850
2018-03-15,2.1330,4.0010,3.4542,4.8870,2.7032,4.4030,4.4940
2018-03-14,2.1180,3.9930,3.4482,4.8784,2.7024,4.3790,4.4790
2018-03-13,2.1250,4.0050,3.4776,4.8982,2.7080,4.4060,4.4770
2018-03-12,2.1600,4.0290,3.5079,4.9124,2.7235,4.4290,4.4870
2018-03-09,2.1480,3.9970,3.4750,4.8822,2.7165,4.3970,4.4870
2018-03-08,2.1400,3.9700,3.4420,4.8487,2.7027,4.3660,4.4760
2018-03-07,2.0980,3.9300,3.4091,4.8273,2.6718,4.3360,4.4490
2018-03-06,2.1020,3.9540,3.4270,4.8444,2.6814,4.3650,4.4570
2018-03-05,2.0570,3.9180,3.3992,4.8144,2.6450,4.3490,4.4420
2018-03-02,2.0440,3.9210,3.3866,4.8141,2.6508,4.3370,4.4450
2018-03-01,2.0570,3.9460,3.3982,4.8329,2.6587,4.3660,4.4490
2018-02-28,2.0380,3.9290,3.3599,4.8106,2.6476,4.3590,4.4350
2018-02-27,2.0510,3.9400,3.3599,4.8165,2.6561,4.4010,4.4460
2018-02-26,2.0560,3.9700,3.3722,4.8251,2.6775,4.4340,4.4670
2018-02-23,2.0370,3.9330,3.3206,4.7764,2.6585,4.3880,4.4610
2018-02-22,2.0340,3.9340,3.3220,4.7823,2.6503,4.3910,4.4620
2018-02-14,1.9970,3.8840,3.2598,4.7350,2.6164,4.2830,4.4350
2018-02-13,1.9890,3.8560,3.2505,4.7226,2.6025,4.2600,4.4210
2018-02-12,1.9700,3.8270,3.2366,4.7020,2.5830,4.2230,4.4080
2018-02-09,1.9230,3.7540,3.1569,4.6316,2.5494,4.1640,4.3680
2018-02-08,1.9690,3.8270,3.2232,4.6807,2.6239,4.2790,4.3970
2018-02-07,1.9530,3.8100,3.1986,4.6482,2.6300,4.3060,4.3850
2018-02-06,1.9700,3.8660,3.2271,4.6776,2.6748,4.3960,4.4110
2018-02-05,2.0150,3.9550,3.3376,4.7645,2.7422,4.4880,4.4420
2018-02-02,2.0240,3.9650,3.3580,4.8033,2.7387,4.4910,4.4620
2018-02-01,2.0290,3.9440,3.3201,4.7825,2.7301,4.4760,4.4590
2018-01-31,2.0610,3.9730,3.3803,4.8157,2.7639,4.4860,4.4730
2018-01-30,2.0600,3.9700,3.4116,4.8293,2.7543,4.4860,4.4590
2018-01-29,2.0630,3.9790,3.4346,4.8329,2.7606,4.5030,4.4740
2018-01-26,2.0890,4.0420,3.4835,4.8733,2.7947,4.5530,4.5050
2018-01-25,2.0870,4.0430,3.4779,4.8732,2.7851,4.5470,4.4940
2018-01-24,2.0980,4.0660,3.4902,4.8892,2.7977,4.5630,4.4970
2018-01-23,2.0940,4.0720,3.4797,4.8927,2.8112,4.5590,4.5020
2018-01-22,2.0970,4.0490,3.4637,4.8727,2.8057,4.5250,4.4940
2018-01-19,2.0630,4.0010,3.4158,4.8186,2.7792,4.4480,4.4700
2018-01-18,2.0750,4.0070,3.4191,4.8318,2.7927,4.4570,4.4810
2018-01-17,2.0750,3.9880,3.3901,4.8323,2.7831,4.4260,4.4790
2018-01-16,2.0900,4.0010,3.4213,4.8473,2.7952,4.4390,4.5070
2018-01-15,2.0730,3.9770,3.4160,4.8425,2.7641,4.4120,4.4950
2018-01-12,2.0870,3.9690,3.4594,4.8695,2.7673,4.4230,4.4950
2018-01-11,2.0770,3.9600,3.4646,4.8600,2.7601,4.4090,4.4840
2018-01-10,2.0810,3.9610,3.4741,4.8657,2.7643,4.4110,4.4900
2018-01-09,2.0970,3.9590,3.4777,4.8669,2.7563,4.3960,4.4830
2018-01-08,2.0770,3.9270,3.4669,4.8506,2.7398,4.3540,4.4660
2018-01-05,2.0750,3.9260,3.4466,4.8638,2.7300,4.3680,4.4610
2018-01-04,2.0820,3.9110,3.4401,4.8655,2.7287,4.3760,4.4590
2018-01-03,2.0720,3.8940,3.4105,4.8553,2.7164,4.3620,4.4420
2018-01-02,2.0650,3.8900,3.4034,4.8386,2.7035,4.3580,4.4380
2017-12-31,2.0600,3.8600,3.3384,4.8129,2.6815,4.3250,4.4290
2017-12-29,2.0600,3.8600,3.3386,4.8131,2.6816,4.3250,4.4290
2017-12-28,2.0410,3.8440,3.3161,4.7907,2.6728,4.2990,4.4240
2017-12-27,2.0340,3.8280,3.2998,4.7748,2.6607,4.2710,4.4130
2017-12-26,2.0630,3.8820,3.3260,4.8119,2.6832,4.3250,4.4310
2017-12-25,2.0650,3.8780,3.3104,4.8244,2.6833,4.3260,4.4370
2017-12-22,2.0720,3.8880,3.3362,4.8408,2.6855,4.3400,4.4360
2017-12-21,2.0750,3.8970,3.3335,4.8447,2.6905,4.3470,4.4380
2017-12-20,2.0530,3.8530,3.2896,4.8262,2.6708,4.3080,4.4240
2017-12-19,2.0500,3.8640,3.3223,4.8212,2.6704,4.2840,4.4190
2017-12-18,2.0300,3.8250,3.2916,4.7942,2.6404,4.2230,4.4050
2017-12-15,2.0410,3.8330,3.2962,4.8074,2.6393,4.2270,4.3940
2017-12-14,2.0560,3.8630,3.3448,4.8328,2.6582,4.2560,4.4060
2017-12-13,2.0540,3.8770,3.3365,4.8287,2.6607,4.2650,4.4030
2017-12-12,2.0450,3.8500,3.3221,4.8106,2.6418,4.2110,4.3870
2017-12-11,2.0460,3.8690,3.3492,4.8169,2.6605,4.2500,4.3920
2017-12-08,1.9970,3.8170,3.3082,4.7629,2.6250,4.1770,4.3640
2017-12-07,1.9770,3.7730,3.2667,4.7347,2.6061,4.1070,4.3470
2017-12-06,1.9840,3.8010,3.3062,4.7562,2.6196,4.1410,4.3610
2017-12-05,1.9800,3.8020,3.3061,4.7494,2.6304,4.1520,4.3630
2017-12-04,1.9940,3.7970,3.3615,4.7896,2.6318,4.1550,4.3640
2017-12-01,1.9910,3.7720,3.3565,4.7907,2.6244,4.1030,4.3580
2017-11-30,1.9840,3.7740,3.3484,4.7621,2.6200,4.0940,4.3550
2017-11-29,1.9920,3.8090,3.3812,4.7830,2.6371,4.1500,4.3670
2017-11-28,2.0030,3.8190,3.3512,4.7888,2.6407,4.1910,4.3670
2017-11-27,1.9910,3.7960,3.2941,4.7549,2.6397,4.1690,4.3570
2017-11-24,2.0100,3.8490,3.3366,4.7936,2.6602,4.2350,4.3690
2017-11-23,2.0170,3.8490,3.3578,4.8093,2.6571,4.2520,4.3730
2017-11-22,2.0760,3.9510,3.4524,4.8830,2.7031,4.3830,4.4180
2017-11-21,2.0980,3.9680,3.4489,4.9029,2.7125,4.4170,4.4370
2017-11-20,2.0900,3.9250,3.4257,4.8706,2.6951,4.3540,4.4250
2017-11-17,2.0600,3.8810,3.3779,4.8394,2.6837,4.3180,4.4150
2017-11-16,2.0920,3.9030,3.4428,4.8795,2.6949,4.3400,4.4360
2017-11-15,2.0570,3.8650,3.4173,4.8465,2.6680,4.2710,4.4190
2017-11-14,2.0560,3.8920,3.4554,4.8599,2.6701,4.2830,4.4140
2017-11-13,2.0780,3.9060,3.4718,4.8903,2.6904,4.3190,4.4370
2017-11-10,2.0790,3.8930,3.4387,4.8757,2.6923,4.3220,4.4290
2017-11-09,2.0630,3.8570,3.4257,4.8346,2.6762,4.2320,4.4120
2017-11-08,2.0560,3.8190,3.3976,4.8165,2.6675,4.1920,4.4030
2017-11-07,2.0760,3.8390,3.3961,4.8295,2.6703,4.2210,4.4080
2017-11-06,2.0800,3.8370,3.3671,4.8236,2.6627,4.2010,4.4080
2017-11-03,2.0210,3.8070,3.3204,4.7823,2.6407,4.1320,4.3810
2017-11-02,2.0210,3.8090,3.3617,4.7859,2.6404,4.1170,4.3890
2017-11-01,2.0200,3.8130,3.3859,4.7955,2.6471,4.1130,4.3940
2017-10-31,2.0280,3.8220,3.3869,4.8049,2.6514,4.1300,4.3910
2017-10-30,2.0380,3.8120,3.3714,4.8021,2.6590,4.1280,4.3900
2017-10-27,2.0480,3.8140,3.4170,4.8266,2.6736,4.1180,4.3900
2017-10-26,2.0400,3.7950,3.4399,4.8088,2.6586,4.0870,4.3770
2017-10-25,2.0550,3.7920,3.4245,4.8068,2.6584,4.0450,4.3810
2017-10-24,2.0380,3.7720,3.3999,4.7891,2.6458,4.0290,4.3720
2017-10-23,2.0350,3.7600,3.3931,4.7854,2.6359,4.0240,4.3660
2017-10-20,2.0080,3.7490,3.3791,4.7630,2.6272,4.0060,4.3490
2017-10-19,2.0130,3.7610,3.3430,4.7671,2.6323,4.0220,4.3570
2017-10-18,2.0050,3.7710,3.3746,4.7716,2.6214,4.0240,4.3530
2017-10-17,1.9840,3.7540,3.4031,4.7716,2.6096,3.9840,4.3430
2017-10-16,1.9780,3.7500,3.4034,4.7584,2.6061,3.9720,4.3310
2017-10-13,1.9900,3.7450,3.4327,4.7552,2.6125,3.9840,4.3360
2017-10-12,1.9860,3.7300,3.4215,4.7472,2.6128,3.9750,4.3370
2017-10-11,1.9850,3.7170,3.4235,4.7482,2.6107,3.9610,4.3330
2017-10-10,1.9650,3.7080,3.4432,4.7280,2.5990,3.9330,4.3150
2017-10-09,1.9470,3.7020,3.4408,4.7233,2.5859,3.9380,4.3050
2017-09-29,1.9260,3.6760,3.4075,4.7000,2.5679,3.9040,4.2870
2017-09-28,1.9190,3.6570,3.3893,4.6820,2.5598,3.8830,4.2850
2017-09-27,1.9070,3.6440,3.4047,4.6687,2.5504,3.8580,4.2750
2017-09-26,1.9060,3.6370,3.3701,4.6609,2.5490,3.8620,4.2700
2017-09-25,1.9130,3.6420,3.3500,4.6696,2.5540,3.8620,4.2730
2017-09-22,1.9080,3.6570,3.3954,4.6705,2.5553,3.8540,4.2730
2017-09-21,1.9080,3.6550,3.4106,4.6711,2.5546,3.8500,4.2720
2017-09-20,1.9150,3.6570,3.4436,4.6824,2.5597,3.8500,4.2810
2017-09-19,1.9090,3.6450,3.4189,4.6598,2.5532,3.8330,4.2750
2017-09-18,1.9190,3.6480,3.4246,4.6680,2.5599,3.8380,4.2790
2017-09-15,1.9090,3.6360,3.4085,4.6502,2.5481,3.8150,4.2670
2017-09-14,1.9060,3.6330,3.4527,4.6455,2.5452,3.8180,4.2610
2017-09-13,1.9000,3.6360,3.4638,4.6525,2.5479,3.8360,4.2630
2017-09-12,1.8920,3.6230,3.4434,4.6379,2.5428,3.8270,4.2540
2017-09-11,1.8970,3.6220,3.4369,4.6525,2.5346,3.8090,4.2510
2017-09-08,1.9010,3.6320,3.4200,4.6355,2.5355,3.8080,4.2460
2017-09-07,1.8980,3.6320,3.4110,4.6328,2.5377,3.8060,4.2510
2017-09-06,1.9020,3.6390,3.4511,4.6406,2.5421,3.8300,4.2510
2017-09-05,1.9050,3.6490,3.4366,4.6402,2.5446,3.8380,4.2540
2017-09-04,1.9000,3.6410,3.4481,4.6238,2.5374,3.8050,4.2560
2017-09-01,1.8980,3.6240,3.4464,4.6068,2.5341,3.8090,4.2540
2017-08-31,1.8930,3.6190,3.3958,4.5854,2.5323,3.8000,4.2540
2017-08-30,1.8960,3.6280,3.3729,4.5748,2.5387,3.8030,4.2570
2017-08-29,1.8950,3.6300,3.3105,4.5685,2.5398,3.8050,4.2520
2017-08-28,1.9050,3.6240,3.2958,4.5695,2.5388,3.8070,4.2550
2017-08-25,1.8990,3.6000,3.2702,4.5558,2.5317,3.7750,4.2440
2017-08-24,1.8890,3.5720,3.2291,4.5486,2.5121,3.7380,4.2380
2017-08-23,1.9010,3.5820,3.2418,4.5589,2.5181,3.7610,4.2440
2017-08-22,1.9130,3.5780,3.2855,4.5725,2.5161,3.7610,4.2430
2017-08-21,1.9170,3.5730,3.2981,4.5744,2.5129,3.7500,4.2480
2017-08-18,1.9070,3.5600,3.2591,4.5626,2.5099,3.7490,4.2430
2017-08-17,1.9020,3.5520,3.2695,4.5588,2.5072,3.7410,4.2470
2017-08-16,1.8990,3.5500,3.2512,4.5540,2.5041,3.7460,4.2500
2017-08-15,1.9060,3.5500,3.2579,4.5524,2.5081,3.7400,4.2540
2017-08-14,1.9080,3.5460,3.2490,4.5472,2.5024,3.7290,4.2550
2017-08-11,1.8920,3.5020,3.2095,4.5034,2.4873,3.6980,4.2390
2017-08-10,1.9010,3.5430,3.3074,4.5217,2.5106,3.7270,4.2500
2017-08-09,1.9010,3.5560,3.3346,4.5261,2.5157,3.7390,4.2480
2017-08-08,1.8800,3.5420,3.3145,4.5137,2.5088,3.7200,4.2340
2017-08-07,1.8730,3.5420,3.3284,4.5168,2.5049,3.7160,4.2340
2017-08-04,1.8580,3.5290,3.2986,4.5007,2.4918,3.6880,4.2180
2017-08-03,1.8630,3.5560,3.3062,4.5080,2.5014,3.7160,4.2270
2017-08-02,1.8750,3.5830,3.2882,4.5151,2.5159,3.7570,4.2360
2017-08-01,1.8880,3.5950,3.2774,4.5227,2.5256,3.7650,4.2470
2017-07-31,1.8870,3.5780,3.2903,4.5249,2.5108,3.7250,4.2470
2017-07-28,1.8760,3.5800,3.2344,4.5276,2.5059,3.7080,4.2420
2017-07-27,1.8730,3.5730,3.2140,4.5182,2.4969,3.6900,4.2270
2017-07-26,1.8680,3.5680,3.2306,4.5094,2.4916,3.6750,4.2260
2017-07-25,1.8780,3.5940,3.2086,4.5312,2.5024,3.6960,4.2370
2017-07-24,1.8830,3.6160,3.2198,4.5358,2.5109,3.7090,4.2410
2017-07-21,1.8820,3.5950,3.2017,4.5281,2.4986,3.7010,4.2320
2017-07-20,1.8850,3.6090,3.1782,4.5264,2.5049,3.7120,4.2330
2017-07-19,1.8770,3.5910,3.1589,4.5127,2.4955,3.6860,4.2250
2017-07-18,1.8640,3.5480,3.1310,4.4982,2.4801,3.6700,4.2140
2017-07-17,1.8670,3.5680,3.1269,4.4914,2.4765,3.6720,4.2120
2017-07-14,1.8980,3.6090,3.2094,4.5287,2.4989,3.7140,4.2270
2017-07-13,1.8980,3.6050,3.2115,4.5392,2.4911,3.6930,4.2270
2017-07-12,1.8920,3.5880,3.2359,4.5396,2.4827,3.6910,4.2250
2017-07-11,1.8990,3.5930,3.2213,4.5499,2.4899,3.7140,4.2360
2017-07-10,1.9030,3.5670,3.2360,4.5573,2.4789,3.7050,4.2320
2017-07-07,1.9120,3.5780,3.2701,4.5743,2.4853,3.7180,4.2400
2017-07-06,1.9220,3.5940,3.2650,4.5815,2.4903,3.7250,4.2480
2017-07-05,1.9370,3.5890,3.2625,4.5719,2.4898,3.7200,4.2480
2017-07-04,1.9240,3.5500,3.2365,4.5583,2.4671,3.6730,4.2360
2017-07-03,1.9400,3.5760,3.2397,4.5727,2.4817,3.6950,4.2470
2017-06-30,1.9490,3.5900,3.2579,4.5753,2.4901,3.7130,4.2530
2017-06-29,1.9430,3.5830,3.2493,4.5649,2.4873,3.7110,4.2510
2017-06-28,1.9320,3.5590,3.2254,4.5590,2.4775,3.6850,4.2470
2017-06-27,1.9480,3.5850,3.2535,4.5779,2.4882,3.7250,4.2590
2017-06-26,1.9410,3.5730,3.2515,4.5760,2.4811,3.7220,4.2580
2017-06-23,1.9160,3.5470,3.2235,4.5422,2.4609,3.6860,4.2430
2017-06-22,1.9030,3.5360,3.1979,4.5265,2.4521,3.6580,4.2320
2017-06-21,1.9200,3.5410,3.2292,4.5458,2.4519,3.6730,4.2400
2017-06-20,1.9030,3.5030,3.2037,4.5231,2.4341,3.6290,4.2250
2017-06-19,1.9110,3.5080,3.2041,4.5265,2.4396,3.6390,4.2270
2017-06-16,1.9000,3.4820,3.1850,4.5177,2.4238,3.6140,4.2180
2017-06-15,1.9030,3.4810,3.1856,4.5112,2.4266,3.6190,4.2190
2017-06-14,1.9040,3.4830,3.1712,4.5035,2.4327,3.6280,4.2240
2017-06-13,1.9240,3.5180,3.1864,4.5142,2.4518,3.6590,4.2340
2017-06-12,1.9190,3.5110,3.1726,4.5052,2.4489,3.6420,4.2330
2017-06-09,1.9130,3.5190,3.1905,4.5076,2.4463,3.6270,4.2280
2017-06-08,1.9120,3.4910,3.1749,4.5018,2.4399,3.6110,4.2220
2017-06-07,1.8980,3.4500,3.1635,4.4874,2.4227,3.5870,4.2080
2017-06-06,1.8770,3.4090,3.1095,4.4528,2.3998,3.5400,4.1870
2017-06-05,1.8670,3.3940,3.1007,4.4354,2.3868,3.5120,4.1730
2017-06-02,1.8760,3.3960,3.0988,4.4292,2.3897,3.5130,4.1720
2017-06-01,1.8830,3.4110,3.0936,4.4259,2.3972,3.5220,4.1740
2017-05-31,1.8760,3.4150,3.1137,4.4375,2.3974,3.5430,4.1760
2017-05-26,1.8750,3.4100,3.1195,4.4384,2.3931,3.5390,4.1740
2017-05-25,1.8770,3.4180,3.1260,4.4377,2.3903,3.5370,4.1720
2017-05-24,1.8760,3.4020,3.1056,4.4330,2.3672,3.5000,4.1770
2017-05-23,1.8780,3.3960,3.0912,4.4388,2.3687,3.5020,4.1820
2017-05-22,1.8750,3.3970,3.1216,4.4429,2.3592,3.5160,4.1790
2017-05-19,1.8720,3.3890,3.1422,4.4479,2.3609,3.5150,4.1790
2017-05-18,1.8700,3.3920,3.1613,4.4510,2.3570,3.5140,4.1760
2017-05-17,1.8670,3.3980,3.1703,4.4627,2.3633,3.5200,4.1790
2017-05-16,1.8770,3.4170,3.1734,4.4750,2.3712,3.5290,4.1880
2017-05-15,1.8590,3.3770,3.1260,4.4402,2.3526,3.4930,4.1670
2017-05-12,1.8450,3.3650,3.1105,4.4249,2.3426,3.4740,4.1600
2017-05-11,1.8380,3.3550,3.1110,4.4190,2.3308,3.4700,4.1570
2017-05-10,1.8320,3.3450,3.1065,4.4087,2.3263,3.4550,4.1480
2017-05-09,1.8310,3.3600,3.1225,4.4197,2.3344,3.4790,4.1550
2017-05-08,1.8390,3.3470,3.1090,4.4127,2.3360,3.4640,4.1530
2017-05-05,1.8510,3.3920,3.1467,4.4350,2.3438,3.4940,4.1680
2017-05-04,1.8570,3.4070,3.1735,4.4557,2.3510,3.5220,4.1710
2017-05-03,1.8570,3.3960,3.1883,4.4630,2.3548,3.5380,4.1710
2017-05-02,1.8600,3.4070,3.1994,4.4641,2.3570,3.5420,4.1710
2017-04-28,1.8620,3.4080,3.2059,4.4597,2.3606,3.5520,4.1710
2017-04-27,1.8790,3.4120,3.1985,4.4633,2.3687,3.5560,4.1790
2017-04-26,1.8690,3.4160,3.1978,4.4576,2.3686,3.5560,4.1790
2017-04-25,1.8700,3.4080,3.1892,4.4639,2.3685,3.5550,4.1840
2017-04-24,1.8650,3.3790,3.1771,4.4451,2.3643,3.5420,4.1680
2017-04-21,1.8810,3.4160,3.2337,4.4801,2.3769,3.5720,4.1830
2017-04-20,1.8900,3.4180,3.2414,4.4892,2.3753,3.5740,4.1910
2017-04-19,1.8620,3.3920,3.2399,4.4683,2.3650,3.5600,4.1770
2017-04-18,1.8580,3.4070,3.2632,4.4713,2.3692,3.5680,4.1740
2017-04-17,1.8420,3.4140,3.2784,4.4520,2.3712,3.5650,4.1590
2017-04-14,1.8430,3.4170,3.3065,4.4518,2.3730,3.5860,4.1560
2017-04-13,1.8550,3.4350,3.3467,4.4715,2.3855,3.6170,4.1630
2017-04-12,1.8440,3.4230,3.3283,4.4606,2.3799,3.6120,4.1540
2017-04-11,1.8450,3.4370,3.3331,4.4634,2.3869,3.6310,4.1570
2017-04-10,1.8510,3.4420,3.3070,4.4718,2.3859,3.6210,4.1630
2017-04-07,1.8640,3.4530,3.3132,4.4855,2.3886,3.6390,4.1690
2017-04-06,1.8650,3.4470,3.3075,4.4850,2.3889,3.6360,4.1680
2017-04-05,1.8630,3.4470,3.2930,4.4839,2.3877,3.6330,4.1600
2017-03-31,1.8550,3.3960,3.2475,4.4570,2.3709,3.6000,4.1520
2017-03-30,1.8370,3.3860,3.2485,4.4396,2.3620,3.5880,4.1440
2017-03-29,1.8460,3.4140,3.2826,4.4539,2.3720,3.6250,4.1490
2017-03-28,1.8530,3.4220,3.2860,4.4507,2.3729,3.6440,4.1490
2017-03-27,1.8470,3.4310,3.2947,4.4517,2.3775,3.6490,4.1500
2017-03-24,1.8620,3.4350,3.3007,4.4790,2.3832,3.6690,4.1600
2017-03-23,1.8590,3.4150,3.2892,4.4794,2.3775,3.6510,4.1590
2017-03-22,1.8590,3.4040,3.2852,4.4655,2.3704,3.6460,4.1590
2017-03-21,1.8380,3.4040,3.3052,4.4588,2.3746,3.6550,4.1540
2017-03-20,1.8170,3.3890,3.2992,4.4383,2.3631,3.6560,4.1330
2017-03-17,1.8020,3.3820,3.2924,4.4276,2.3623,3.6510,4.1290
2017-03-16,1.8080,3.4010,3.3136,4.4363,2.3746,3.6710,4.1370
2017-03-15,1.8040,3.3800,3.2923,4.4349,2.3719,3.6560,4.1360
2017-03-14,1.7980,3.3750,3.2965,4.4342,2.3686,3.6600,4.1310
2017-03-13,1.7990,3.3840,3.2962,4.4499,2.3686,3.6700,4.1290
2017-03-10,1.7910,3.3700,3.2791,4.4293,2.3536,3.6500,4.1200
2017-03-09,1.7880,3.3600,3.2801,4.4214,2.3512,3.6450,4.1140
2017-03-08,1.7970,3.3640,3.2996,4.4339,2.3619,3.6630,4.1220
2017-03-07,1.7990,3.3750,3.3131,4.4309,2.3700,3.6750,4.1220
2017-03-06,1.7900,3.3660,3.3064,4.4145,2.3607,3.6560,4.1120
2017-03-03,1.7860,3.3450,3.2789,4.3942,2.3515,3.6350,4.1050
2017-03-02,1.7810,3.3380,3.2752,4.3854,2.3483,3.6300,4.1010
2017-03-01,1.7860,3.3510,3.2922,4.3925,2.3593,3.6260,4.1040
2017-02-28,1.7840,3.3450,3.2838,4.3905,2.3589,3.6220,4.1000
2017-02-27,1.7850,3.3410,3.2761,4.3851,2.3514,3.6170,4.0940
2017-02-24,1.7960,3.3500,3.2973,4.3945,2.3752,3.6320,4.1050
2017-02-23,1.7960,3.3510,3.2924,4.3948,2.3743,3.6260,4.1070
2017-02-22,1.7800,3.3600,3.2975,4.3984,2.3838,3.6270,4.1100
2017-02-21,1.7760,3.3550,3.2782,4.3896,2.3677,3.6190,4.1030
2017-02-20,1.7700,3.3430,3.2609,4.3800,2.3619,3.6040,4.0990
2017-02-17,1.7530,3.3100,3.2395,4.3503,2.3110,3.5820,4.0750
2017-02-16,1.7590,3.3240,3.2555,4.3553,2.3226,3.6020,4.0790
2017-02-15,1.7530,3.3120,3.2362,4.3445,2.3124,3.5870,4.0720
2017-02-14,1.7650,3.3210,3.2542,4.3533,2.3253,3.6000,4.0770
2017-02-13,1.7660,3.3170,3.2704,4.3566,2.3254,3.6110,4.0780
2017-02-10,1.7560,3.2970,3.2565,4.3420,2.3072,3.5970,4.0680
2017-02-09,1.7570,3.2960,3.2582,4.3425,2.2969,3.5870,4.0650
2017-02-08,1.7540,3.2880,3.2347,4.3379,2.2909,3.5770,4.0600
2017-02-07,1.7520,3.2770,3.2172,4.3267,2.2864,3.5710,4.0560
2017-02-06,1.7520,3.2810,3.2227,4.3360,2.2854,3.5730,4.0560
2017-02-03,1.7480,3.2760,3.2021,4.3318,2.2757,3.5560,4.0530
2017-01-26,1.7490,3.2920,3.2078,4.3367,2.2942,3.5610,4.0570
2017-01-25,1.7440,3.2810,3.1946,4.3315,2.2938,3.5490,4.0530
2017-01-24,1.7340,3.2740,3.1876,4.3246,2.2889,3.5430,4.0480
2017-01-23,1.7380,3.2680,3.1932,4.3273,2.2775,3.5480,4.0480
2017-01-20,1.7340,3.2520,3.1599,4.3227,2.2785,3.5360,4.0460
2017-01-19,1.7220,3.2310,3.1186,4.3066,2.2642,3.5070,4.0370
2017-01-18,1.7230,3.2410,3.1255,4.3078,2.2653,3.5130,4.0380
2017-01-17,1.7190,3.2190,3.1459,4.3045,2.2486,3.5050,4.0310
2017-01-16,1.7150,3.2040,3.1216,4.2921,2.2385,3.4920,4.0260
2017-01-13,1.7200,3.2280,3.2384,4.3240,2.2304,3.5480,4.0280
2017-01-12,1.7260,3.2380,3.2815,4.3419,2.2366,3.5830,4.0300
2017-01-11,1.7350,3.2490,3.3095,4.3581,2.2530,3.6140,4.0370
2017-01-10,1.7420,3.2710,3.3293,4.3747,2.2720,3.6450,4.0440
2017-01-09,1.7460,3.2740,3.3348,4.3793,2.2750,3.6530,4.0440
2017-01-06,1.7430,3.2580,3.3197,4.3775,2.2610,3.6430,4.0400
2017-01-05,1.7510,3.2740,3.3303,4.3879,2.2720,3.6610,4.0430
2017-01-04,1.7520,3.2710,3.3257,4.3913,2.2750,3.6580,4.0450
2017-01-03,1.7440,3.2540,3.3028,4.3657,2.2430,3.6370,4.0390
2016-12-31,1.7340,3.2440,3.2684,4.3510,2.2220,3.6220,4.0310
2016-12-30,1.7340,3.2440,3.2685,4.3511,2.2220,3.6230,4.0310
2016-12-29,1.7270,3.2340,3.2593,4.3443,2.2040,3.6150,4.0290
2016-12-28,1.7300,3.2280,3.2607,4.3476,2.2070,3.6260,4.0300
2016-12-27,1.7320,3.2350,3.2661,4.3580,2.2150,3.6370,4.0330
2016-12-26,1.7320,3.2330,3.2628,4.3588,2.2160,3.6340,4.0320
2016-12-23,1.7300,3.2210,3.2467,4.3592,2.2040,3.6240,4.0290
2016-12-22,1.7370,3.2350,3.2704,4.3725,2.2230,3.6510,4.0330
2016-12-21,1.7400,3.2380,3.2668,4.3754,2.2210,3.6530,4.0330
2016-12-20,1.7340,3.2200,3.2444,4.3638,2.1960,3.6320,4.0260
2016-12-19,1.7350,3.2340,3.2364,4.3694,2.2150,3.6450,4.0290
2016-12-16,1.7360,3.2340,3.2391,4.3683,2.2150,3.6530,4.0310
2016-12-15,1.7260,3.2270,3.2102,4.3592,2.2150,3.6260,4.0280
2016-12-14,1.7280,3.2370,3.1899,4.3569,2.2460,3.6280,4.0340
2016-12-13,1.7390,3.2480,3.2024,4.3679,2.2550,3.6470,4.0380
2016-12-12,1.7400,3.2510,3.1974,4.3582,2.2490,3.6320,4.0390
2016-12-09,1.7810,3.3260,3.3282,4.4182,2.2990,3.7220,4.0600
2016-12-08,1.7850,3.3240,3.3334,4.4250,2.2870,3.7380,4.0600
2016-12-07,1.7950,3.3280,3.3499,4.4281,2.2820,3.7530,4.0620
2016-12-06,1.7890,3.3170,3.3316,4.4180,2.2710,3.7270,4.0590
2016-12-05,1.7840,3.3170,3.3306,4.4123,2.2740,3.7200,4.0580
2016-12-02,1.7880,3.3040,3.3424,4.4152,2.2870,3.7300,4.0610
2016-12-01,1.8030,3.3230,3.3879,4.4379,2.3100,3.7590,4.0660
2016-11-30,1.8000,3.3090,3.3750,4.4299,2.2940,3.7590,4.0640
2016-11-29,1.8050,3.3300,3.3782,4.4361,2.3160,3.7800,4.0730
2016-11-28,1.8090,3.3340,3.4043,4.4220,2.3010,3.7840,4.0770
2016-11-25,1.8110,3.3250,3.4075,4.4220,2.2990,3.7870,4.0770
2016-11-24,1.8070,3.3150,3.4311,4.4172,2.2780,3.7810,4.0740
2016-11-23,1.8060,3.3150,3.4463,4.4133,2.2640,3.7790,4.0730
2016-11-22,1.8110,3.3150,3.4610,4.4114,2.2600,3.7860,4.0750
2016-11-21,1.8090,3.3090,3.4296,4.4064,2.2470,3.7780,4.0720
2016-11-18,1.8120,3.3030,3.4034,4.4093,2.2340,3.7840,4.0720
2016-11-17,1.8150,3.3070,3.4037,4.4142,2.2480,3.7970,4.0750
2016-11-16,1.8160,3.3050,3.4058,4.4131,2.2470,3.8030,4.0750
2016-11-15,1.8160,3.3040,3.4060,4.4135,2.2500,3.7980,4.0720
2016-11-14,1.8070,3.2950,3.3801,4.4038,2.2460,3.7910,4.0710
2016-11-11,1.8170,3.2950,3.3718,4.4041,2.2450,3.8010,4.0730
2016-11-10,1.8280,3.2960,3.3654,4.4087,2.2330,3.8120,4.0710
2016-11-09,1.8270,3.2770,3.3255,4.3959,2.2090,3.7800,4.0660
2016-11-08,1.8200,3.2920,3.3490,4.4012,2.2270,3.7940,4.0680
2016-11-07,1.8140,3.2810,3.3305,4.3949,2.2190,3.7810,4.0650
2016-11-04,1.8220,3.2830,3.3278,4.4022,2.2190,3.7870,4.0660
2016-11-03,1.8330,3.2950,3.3225,4.4110,2.2310,3.7940,4.0710
2016-11-02,1.8320,3.2820,3.2978,4.4091,2.2130,3.7900,4.0650
2016-11-01,1.8300,3.2950,3.3132,4.4175,2.2310,3.8110,4.0680
2016-10-31,1.8150,3.2810,3.2807,4.4031,2.2150,3.7850,4.0630
2016-10-28,1.8090,3.2810,3.2786,4.4106,2.2130,3.7940,4.0640
2016-10-27,1.8190,3.2890,3.3035,4.4166,2.2200,3.8050,4.0670
2016-10-26,1.8260,3.2920,3.3067,4.4156,2.2230,3.8060,4.0700
2016-10-25,1.8260,3.3020,3.3196,4.4177,2.2330,3.8220,4.0730
2016-10-24,1.8250,3.3050,3.3070,4.4150,2.2230,3.8150,4.0720
2016-10-21,1.8160,3.2820,3.2882,4.4041,2.2010,3.7960,4.0650
2016-10-20,1.8250,3.2890,3.2968,4.4104,2.1980,3.8130,4.0610
2016-10-19,1.8280,3.2780,3.2905,4.4038,2.1950,3.8190,4.0600
2016-10-18,1.8330,3.2820,3.2937,4.4125,2.1980,3.8330,4.0600
2016-10-17,1.8200,3.2610,3.2682,4.3940,2.1680,3.8010,4.0510
2016-10-14,1.8290,3.2810,3.2771,4.4042,2.1860,3.8150,4.0550
2016-10-13,1.8320,3.2780,3.2878,4.4095,2.1830,3.8300,4.0580
2016-10-12,1.8380,3.2810,3.2850,4.4142,2.1880,3.8260,4.0540
2016-10-11,1.8380,3.2840,3.2833,4.4127,2.1950,3.8350,4.0550
2016-10-10,1.8360,3.2770,3.2692,4.4094,2.1940,3.8270,4.0510
2016-09-30,1.8130,3.2510,3.2276,4.3878,2.1770,3.7640,4.0420
2016-09-29,1.8040,3.2390,3.2174,4.3818,2.1680,3.7430,4.0390
2016-09-28,1.7980,3.2340,3.2148,4.3765,2.1590,3.7300,4.0360
2016-09-27,1.7960,3.2360,3.2277,4.3723,2.1600,3.7250,4.0380
2016-09-26,1.7880,3.2270,3.2204,4.3629,2.1450,3.7100,4.0350
2016-09-23,1.8120,3.2650,3.2712,4.3825,2.1820,3.7550,4.0440
2016-09-22,1.8120,3.2680,3.2806,4.3834,2.1870,3.7620,4.0460
2016-09-21,1.8060,3.2570,3.2688,4.3768,2.1660,3.7350,4.0430
2016-09-20,1.8050,3.2520,3.2825,4.3731,2.1670,3.7370,4.0430
2016-09-19,1.8000,3.2540,3.2904,4.3744,2.1730,3.7320,4.0420
2016-09-14,1.7880,3.2400,3.2600,4.3569,2.1570,3.7030,4.0360
2016-09-13,1.7960,3.2410,3.2718,4.3657,2.1680,3.7200,4.0410
2016-09-12,1.7930,3.2390,3.2589,4.3569,2.1640,3.6920,4.0400
2016-09-09,1.8230,3.2730,3.3325,4.3914,2.2060,3.7610,4.0510
2016-09-08,1.8340,3.2840,3.3511,4.4031,2.2190,3.7650,4.0550
2016-09-07,1.8280,3.2750,3.3425,4.4001,2.2120,3.7720,4.0550
2016-09-06,1.8240,3.2710,3.3424,4.4012,2.2100,3.7570,4.0540
2016-09-05,1.8140,3.2320,3.3069,4.3840,2.1920,3.7110,4.0480
2016-09-02,1.8120,3.2210,3.3015,4.3780,2.1870,3.7000,4.0460
2016-09-01,1.8230,3.2240,3.3111,4.3823,2.1840,3.7210,4.0460
2016-08-31,1.8310,3.2320,3.3414,4.3967,2.1990,3.7360,4.0500
2016-08-30,1.8260,3.2250,3.3381,4.3965,2.1950,3.7410,4.0490
2016-08-29,1.8300,3.2290,3.3371,4.3978,2.1910,3.7410,4.0510
2016-08-26,1.8250,3.2270,3.3287,4.3985,2.1870,3.7310,4.0500
2016-08-25,1.8190,3.2240,3.3186,4.3945,2.1850,3.7250,4.0480
2016-08-24,1.8200,3.2350,3.3327,4.4070,2.1980,3.7160,4.0520
2016-08-23,1.8210,3.2300,3.3252,4.4144,2.2090,3.7100,4.0510
2016-08-22,1.8140,3.2190,3.3159,4.4118,2.2030,3.6970,4.0520
2016-08-19,1.8220,3.2430,3.3436,4.4261,2.2170,3.7220,4.0560
2016-08-18,1.8190,3.2360,3.3351,4.4269,2.2200,3.7220,4.0570
2016-08-17,1.8270,3.2390,3.3308,4.4330,2.2290,3.7470,4.0580
2016-08-16,1.8260,3.2270,3.3202,4.4198,2.2280,3.7370,4.0580
2016-08-15,1.8270,3.2260,3.3062,4.4205,2.2450,3.7370,4.0570
2016-08-12,1.8070,3.1870,3.2546,4.3910,2.1930,3.6920,4.0420
2016-08-11,1.8000,3.1570,3.2226,4.3828,2.1610,3.6800,4.0340
2016-08-10,1.8170,3.1760,3.2591,4.3961,2.1680,3.6960,4.0400
2016-08-09,1.8210,3.1900,3.2681,4.4062,2.1780,3.6950,4.0400
2016-08-08,1.8080,3.1740,3.2600,4.3819,2.1600,3.6690,4.0350
2016-08-05,1.7950,3.1510,3.2470,4.3697,2.1410,3.6440,4.0290
2016-08-04,1.7990,3.1510,3.2495,4.3766,2.1520,3.6520,4.0300
2016-08-03,1.8020,3.1500,3.2519,4.3676,2.1530,3.6380,4.0280
2016-08-02,1.7920,3.1400,3.2496,4.3651,2.1440,3.6350,4.0260
2016-08-01,1.7820,3.1330,3.2462,4.3547,2.1310,3.6110,4.0220
2016-07-29,1.8060,3.1610,3.2701,4.3901,2.1620,3.6440,4.0310
2016-07-28,1.8070,3.1710,3.2683,4.3959,2.1650,3.6450,4.0340
2016-07-27,1.7930,3.1530,3.2398,4.3845,2.1370,3.6430,4.0290
2016-07-26,1.8310,3.1960,3.2756,4.4428,2.1680,3.7220,4.0420
2016-07-25,1.8150,3.1690,3.2372,4.4148,2.1300,3.6850,4.0320
2016-07-22,1.8070,3.1590,3.2339,4.4095,2.1270,3.6880,4.0320
2016-07-21,1.8110,3.1820,3.2617,4.4271,2.1560,3.7140,4.0380
2016-07-20,1.8080,3.1790,3.2452,4.4265,2.1430,3.7070,4.0340
2016-07-19,1.8110,3.1760,3.2528,4.4271,2.1470,3.7030,4.0340
2016-07-18,1.8120,3.1790,3.2729,4.4356,2.1680,3.7020,4.0360
2016-07-15,1.8170,3.1850,3.2703,4.4436,2.1650,3.7170,4.0390
2016-07-14,1.8230,3.1830,3.2597,4.4471,2.1600,3.7300,4.0390
2016-07-13,1.8180,3.1910,3.2658,4.4405,2.1660,3.7300,4.0400
2016-07-12,1.8180,3.1720,3.2551,4.4427,2.1590,3.7130,4.0350
2016-07-11,1.7860,3.1410,3.1890,4.4225,2.1050,3.6930,4.0240
2016-07-08,1.7950,3.1500,3.1837,4.4159,2.1000,3.7150,4.0220
2016-07-07,1.8020,3.1540,3.1936,4.4165,2.1080,3.7170,4.0240
2016-07-06,1.7920,3.1530,3.1906,4.4211,2.1070,3.7150,4.0230
2016-07-05,1.7810,3.1460,3.1804,4.4056,2.0870,3.6860,4.0200
2016-07-04,1.7860,3.1440,3.1691,4.4000,2.0810,3.6830,4.0190
2016-07-01,1.7660,3.1200,3.1336,4.3745,2.0360,3.6490,4.0090
2016-06-30,1.7760,3.1150,3.1322,4.3830,2.0300,3.6530,4.0090
2016-06-29,1.7700,3.1130,3.1304,4.3794,2.0290,3.6430,4.0080
2016-06-28,1.7730,3.1160,3.1260,4.3798,2.0250,3.6530,4.0090
2016-06-27,1.7490,3.0850,3.1164,4.3728,2.0200,3.6380,4.0050
2016-06-24,1.7200,3.0500,3.0990,4.3288,1.9940,3.5650,3.9930
2016-06-23,1.7200,3.0610,3.1092,4.3372,2.0150,3.5860,3.9950
2016-06-22,1.7260,3.0740,3.1176,4.3524,2.0260,3.6040,3.9990
2016-06-21,1.7000,3.0570,3.1039,4.3337,2.0100,3.5750,3.9900
2016-06-20,1.7130,3.0630,3.1261,4.3580,2.0170,3.5950,3.9940
2016-06-17,1.7120,3.0490,3.1144,4.3430,2.0160,3.5870,3.9910
2016-06-16,1.6850,3.0400,3.0985,4.3324,1.9920,3.5450,3.9860
2016-06-15,1.6930,3.0420,3.1065,4.3312,2.0040,3.5610,3.9880
2016-06-14,1.6610,2.9940,3.0283,4.2841,1.9630,3.4810,3.9740
2016-06-13,1.6570,2.9930,3.0131,4.2605,1.9460,3.4680,3.9710
2016-06-08,1.7110,3.0650,3.1335,4.3319,1.9990,3.5800,3.9890
2016-06-07,1.7190,3.0790,3.1459,4.3249,2.0110,3.6030,3.9900
2016-06-06,1.7250,3.0750,3.1414,4.3207,2.0050,3.5970,3.9900
2016-06-03,1.7270,3.0800,3.1339,4.3207,2.0070,3.5880,3.9880
2016-06-02,1.7160,3.0590,3.1268,4.3001,1.9880,3.5690,3.9820
2016-06-01,1.7150,3.0510,3.1061,4.2908,1.9800,3.5620,3.9800
2016-05-31,1.7070,3.0480,3.0840,4.2791,1.9820,3.5480,3.9800
2016-05-30,1.6710,2.9890,3.0001,4.2140,1.9240,3.4650,3.9600
2016-05-27,1.6780,2.9920,3.0020,4.2251,1.9250,3.4680,3.9580
2016-05-26,1.6860,2.9950,3.0090,4.2294,1.9250,3.4670,3.9580
2016-05-25,1.6800,2.9850,3.0019,4.2201,1.9280,3.4590,3.9550
2016-05-24,1.6840,2.9910,3.0109,4.2347,1.9360,3.4790,3.9570
2016-05-23,1.6980,3.0050,3.0271,4.2573,1.9560,3.5060,3.9620
2016-05-20,1.6780,2.9840,3.0074,4.2340,1.9390,3.4490,3.9570
2016-05-19,1.6660,2.9660,2.9933,4.2172,1.9300,3.4320,3.9540
2016-05-18,1.6630,2.9630,2.9872,4.1971,1.9330,3.4300,3.9530
2016-05-17,1.7030,2.9980,3.0196,4.2373,1.9540,3.5030,3.9640
2016-05-16,1.6940,3.0070,3.0251,4.2568,1.9660,3.5090,3.9680
2016-05-13,1.6730,2.9850,3.0029,4.2312,1.9480,3.4720,3.9600
2016-05-12,1.6810,2.9880,3.0075,4.2299,1.9580,3.4760,3.9620
2016-05-11,1.6740,2.9810,3.0021,4.2161,1.9480,3.4700,3.9610
2016-05-10,1.6570,2.9810,2.9978,4.2179,1.9150,3.4590,3.9570
2016-05-09,1.6540,2.9800,2.9959,4.2169,1.9180,3.4320,3.9560
2016-05-06,1.6950,3.0210,3.0401,4.2569,1.9600,3.4820,3.9740
2016-05-05,1.7490,3.0850,3.1161,4.3137,2.0090,3.5640,3.9930
2016-05-04,1.7490,3.0860,3.1053,4.3094,2.0030,3.5580,3.9920
2016-05-03,1.7560,3.0910,3.1226,4.3039,1.9960,3.5780,3.9910
2016-04-29,1.7170,3.0540,3.0876,4.2482,1.9590,3.5080,3.9750
2016-04-28,1.7180,3.0560,3.0885,4.2421,1.9560,3.4800,3.9730
2016-04-27,1.7220,3.0680,3.0899,4.2442,1.9560,3.4830,3.9750
2016-04-26,1.7270,3.0800,3.0945,4.2469,1.9650,3.4830,3.9740
2016-04-25,1.7110,3.0590,3.0840,4.2283,1.9510,3.4650,3.9690
2016-04-22,1.7170,3.0510,3.0955,4.2350,1.9540,3.4720,3.9710
2016-04-21,1.7000,3.0350,3.0745,4.2193,1.9470,3.4420,3.9660
2016-04-20,1.7110,3.0420,3.0890,4.2384,1.9510,3.4550,3.9740
2016-04-19,1.7810,3.1130,3.1368,4.2890,1.9890,3.5590,3.9960
2016-04-18,1.7770,3.1070,3.1293,4.2864,1.9830,3.5630,3.9940
2016-04-15,1.8060,3.1360,3.1638,4.3062,2.0060,3.5780,4.0040
2016-04-14,1.8150,3.1380,3.1691,4.2985,2.0050,3.5730,4.0030
2016-04-13,1.8080,3.1250,3.1561,4.2907,1.9930,3.5510,3.9980
2016-04-12,1.7930,3.1080,3.1299,4.2785,1.9680,3.5270,3.9920
2016-04-11,1.7950,3.1180,3.1361,4.2990,1.9750,3.5470,3.9970
2016-04-08,1.7500,3.0940,3.0982,4.2771,1.9440,3.5060,3.9840
2016-04-07,1.7590,3.0840,3.1070,4.2933,1.9610,3.5320,3.9900
2016-04-06,1.7840,3.1150,3.1411,4.3114,1.9880,3.5780,3.9970
2016-04-05,1.7730,3.1120,3.1502,4.2984,1.9890,3.5640,3.9960
2016-04-01,1.7380,3.0720,3.1243,4.2591,1.9610,3.5130,3.9830
2016-03-31,1.7540,3.0790,3.1178,4.2723,1.9580,3.5520,3.9850
2016-03-30,1.7560,3.0650,3.1203,4.2678,1.9580,3.5370,3.9850
2016-03-29,1.7110,3.0000,3.0717,4.2174,1.9110,3.4600,3.9690
2016-03-28,1.7380,3.0390,3.1360,4.2465,1.9280,3.4970,3.9770
2016-03-25,1.7410,3.0560,3.1572,4.2520,1.9350,3.5080,3.9800
2016-03-24,1.7280,3.0520,3.1507,4.2432,1.9230,3.4920,3.9790
2016-03-23,1.7530,3.0740,3.1915,4.2569,1.9450,3.4990,3.9850
2016-03-22,1.7470,3.0550,3.1514,4.2498,1.9400,3.4740,3.9800
2016-03-21,1.7510,3.0590,3.1581,4.2454,1.9500,3.4640,3.9840
2016-03-18,1.7300,3.0270,3.0955,4.2170,1.9160,3.4340,3.9720
2016-03-17,1.6840,2.9810,2.9945,4.1586,1.8820,3.3670,3.9540
2016-03-16,1.6400,2.9320,2.8843,4.1104,1.8600,3.2960,3.9390
2016-03-15,1.6540,2.9450,2.9049,4.1177,1.8610,3.3060,3.9430
2016-03-14,1.6640,2.9400,2.9327,4.1260,1.8590,3.3280,3.9440
2016-03-11,1.6320,2.8900,2.8338,4.0771,1.8240,3.2740,3.9280
2016-03-10,1.6380,2.8810,2.8383,4.0798,1.8250,3.2780,3.9280
2016-03-09,1.6530,2.9090,2.8729,4.1038,1.8530,3.2900,3.9370
2016-03-08,1.6610,2.9300,2.9145,4.1250,1.8870,3.3210,3.9460
2016-03-07,1.6500,2.9170,2.8690,4.1181,1.8930,3.3210,3.9450
2016-03-04,1.6350,2.9000,2.8179,4.0978,1.8790,3.2960,3.9370
2016-03-03,1.6870,2.9390,2.9326,4.1349,1.8670,3.3280,3.9470
2016-03-02,1.6840,2.9350,2.9359,4.1390,1.8600,3.3320,3.9490
2016-03-01,1.6230,2.8550,2.8406,4.0816,1.7850,3.2520,3.9220
2016-02-29,1.6020,2.8110,2.7863,4.0508,1.7500,3.2250,3.9080
2016-02-26,1.6880,2.8900,2.9427,4.1278,1.7830,3.3080,3.9330
2016-02-25,1.6950,2.8810,2.9701,4.1305,1.7530,3.3050,3.9350
2016-02-24,1.7830,3.0290,3.1713,4.2483,1.8670,3.4580,3.9810
2016-02-23,1.7860,3.0230,3.1990,4.2578,1.8460,3.4700,3.9760
2016-02-22,1.7960,3.0340,3.2242,4.2731,1.8520,3.4520,3.9790
2016-02-19,1.7750,2.9950,3.1828,4.2428,1.8090,3.4080,3.9660
2016-02-18,1.7670,2.9940,3.1595,4.2503,1.8100,3.4030,3.9630
2016-02-17,1.7760,3.0040,3.1860,4.2471,1.8180,3.4110,3.9660
2016-02-16,1.7690,2.9920,3.1662,4.2363,1.8040,3.3880,3.9600
2016-02-15,1.7280,2.9280,3.0533,4.1594,1.7510,3.2900,3.9410
2016-02-05,1.7150,2.9260,3.0371,4.1495,1.7590,3.2720,3.9420
2016-02-04,1.7210,2.9360,3.0734,4.1720,1.7630,3.2890,3.9460
2016-02-03,1.6910,2.9080,3.0251,4.1338,1.7400,3.2550,3.9350
2016-02-02,1.6900,2.9050,3.0109,4.1330,1.7500,3.2440,3.9330
2016-02-01,1.6450,2.8460,2.9109,4.0634,1.7100,3.1770,3.9160
2016-01-29,1.6600,2.8580,2.9252,4.0719,1.7310,3.2030,3.9220
2016-01-28,1.6120,2.7880,2.8329,3.9971,1.6790,3.1390,3.9020
2016-01-27,1.6490,2.8560,2.9430,4.0735,1.7220,3.2190,3.9210
2016-01-26,1.6610,2.8580,2.9485,4.1034,1.7270,3.2180,3.9260
2016-01-25,1.7750,2.9840,3.1464,4.2512,1.8300,3.3600,3.9640
2016-01-22,1.7660,2.9600,3.1290,4.2263,1.8110,3.3170,3.9600
2016-01-21,1.7530,2.9430,3.0860,4.1991,1.7920,3.2850,3.9560
2016-01-20,1.7990,3.0040,3.2048,4.2834,1.8450,3.3530,3.9790
2016-01-19,1.8180,3.0390,3.2545,4.3245,1.8850,3.3850,3.9860
2016-01-18,1.7660,2.9710,3.1876,4.2435,1.8300,3.3020,3.9620
2016-01-15,1.7350,2.9440,3.1832,4.2047,1.8310,3.2750,3.9550
2016-01-14,1.7770,3.0070,3.2504,4.2776,1.8990,3.3450,3.9740
2016-01-13,1.7130,2.9520,3.1991,4.1980,1.8580,3.2710,3.9550
2016-01-12,1.7640,3.0180,3.2326,4.2654,1.8950,3.3430,3.9720
2016-01-11,1.7500,3.0120,3.2323,4.2465,1.8940,3.3140,3.9670
2016-01-08,1.8620,3.1280,3.3751,4.3971,1.9900,3.4390,4.0040
2016-01-07,1.8540,3.0910,3.3119,4.3739,1.9340,3.4130,3.9960
2016-01-06,1.9980,3.2490,3.4935,4.5757,2.0650,3.6110,4.0410
2016-01-05,1.9730,3.2190,3.4440,4.5371,2.0150,3.5630,4.0290
2016-01-04,2.0120,3.2350,3.4228,4.5940,2.0020,3.6190,4.0320
2015-12-31,2.1620,3.4090,3.6075,4.8140,2.1340,3.8310,4.0750
2015-12-30,2.1930,3.4350,3.6314,4.8435,2.1500,3.8820,4.0820
2015-12-29,2.1770,3.4310,3.6331,4.8068,2.1420,3.8450,4.0760
2015-12-28,2.1700,3.4210,3.5993,4.7893,2.1250,3.8310,4.0720
2015-12-25,2.2020,3.4870,3.6857,4.8389,2.1820,3.8940,4.0810
2015-12-24,2.1850,3.4810,3.6773,4.8142,2.1730,3.8720,4.0770
2015-12-23,2.1850,3.4910,3.7116,4.8182,2.1900,3.8780,4.0780
2015-12-22,2.2060,3.5020,3.7012,4.8317,2.1950,3.9160,4.0830
2015-12-21,2.1910,3.4770,3.6918,4.8132,2.1840,3.8970,4.0800
2015-12-18,2.1580,3.4390,3.5977,4.7603,2.1190,3.8670,4.0660
2015-12-17,2.1350,3.4210,3.5926,4.7787,2.1040,3.8890,4.0630
2015-12-16,2.1070,3.3790,3.5384,4.7072,2.0570,3.8240,4.0540
2015-12-15,2.1000,3.3620,3.5497,4.6900,2.0620,3.7850,4.0500
2015-12-14,2.0780,3.3450,3.5729,4.6688,2.0640,3.7540,4.0480
2015-12-11,2.0610,3.2940,3.5808,4.6325,2.0140,3.7380,4.0390
2015-12-10,2.0760,3.3180,3.6353,4.6342,2.0150,3.7840,4.0420
2015-12-09,2.0640,3.3190,3.6073,4.6460,2.0240,3.7960,4.0450
2015-12-08,2.0780,3.3250,3.6241,4.6496,2.0120,3.7770,4.0450
2015-12-07,2.1180,3.3570,3.6451,4.6898,2.0440,3.7820,4.0520
2015-12-04,2.1020,3.3380,3.5794,4.6690,2.0460,3.7490,4.0470
2015-12-03,2.1050,3.3700,3.5990,4.6607,2.0840,3.7600,4.0510
2015-12-02,2.0750,3.3280,3.4948,4.6098,2.0690,3.6880,4.0450
2015-12-01,2.0940,3.3100,3.5715,4.6001,1.9930,3.7330,4.0400
2015-11-30,2.0870,3.3080,3.6274,4.5667,1.9740,3.7710,4.0380
2015-11-27,2.0830,3.2930,3.5824,4.5436,1.9580,3.7150,4.0350
2015-11-26,2.1920,3.4140,3.7822,4.6964,2.0590,3.8520,4.0590
2015-11-25,2.2220,3.4130,3.8164,4.7073,2.0650,3.8850,4.0610
2015-11-24,2.1850,3.3740,3.7477,4.6563,2.0480,3.8270,4.0570
2015-11-23,2.1710,3.3680,3.7033,4.6507,2.0410,3.7840,4.0560
2015-11-20,2.1810,3.3830,3.7463,4.6830,2.0450,3.8180,4.0610
2015-11-19,2.1720,3.3660,3.7017,4.6468,2.0450,3.7850,4.0570
2015-11-18,2.1390,3.3170,3.5892,4.5900,2.0220,3.6990,4.0480
2015-11-17,2.1690,3.3450,3.6536,4.6163,2.0380,3.7310,4.0530
2015-11-16,2.1960,3.3600,3.6953,4.6261,2.0400,3.7450,4.0540
2015-11-13,2.1690,3.3230,3.5901,4.5983,2.0280,3.6980,4.0470
2015-11-12,2.2090,3.3540,3.6731,4.6601,2.0540,3.7570,4.0540
2015-11-11,2.1980,3.3560,3.6809,4.6683,2.0590,3.7300,4.0560
2015-11-10,2.1410,3.3430,3.6137,4.6363,2.0580,3.6930,4.0560
2015-11-09,2.1530,3.3480,3.5949,4.6281,2.0620,3.6700,4.0570
2015-11-06,2.1200,3.3210,3.5106,4.5844,2.0450,3.6240,4.0530
2015-11-05,2.0860,3.2700,3.4105,4.5175,2.0080,3.5360,4.0480
2015-11-04,2.0990,3.2560,3.4209,4.5031,1.9790,3.5480,4.0460
2015-11-03,2.0060,3.1690,3.2647,4.3772,1.8960,3.4210,4.0340
2015-11-02,2.0080,3.1710,3.2807,4.3874,1.8990,3.4100,4.0350
2015-10-30,2.0530,3.1860,3.3612,4.4308,1.9250,3.4200,4.0390
2015-10-29,2.0690,3.1660,3.3572,4.4196,1.9230,3.3900,4.0400
2015-10-28,2.0710,3.1540,3.3368,4.4076,1.9120,3.3890,4.0380
2015-10-27,2.1130,3.1820,3.4241,4.4759,1.9460,3.4480,4.0430
2015-10-26,2.1040,3.1750,3.3891,4.4732,1.9510,3.4160,4.0410
2015-10-23,2.1100,3.1690,3.3710,4.4659,1.9340,3.3930,4.0390
2015-10-22,2.0620,3.1210,3.2821,4.4151,1.8940,3.3350,4.0340
2015-10-21,1.9810,3.0730,3.1528,4.3421,1.8670,3.2680,4.0270
2015-10-20,2.0420,3.1550,3.3434,4.4958,1.9340,3.4000,4.0410
2015-10-19,2.0020,3.1250,3.2691,4.4392,1.9230,3.3590,4.0370
2015-10-16,2.0200,3.1260,3.2924,4.4738,1.9170,3.3800,4.0370
2015-10-15,2.0100,3.1030,3.2578,4.4395,1.9010,3.3600,4.0340
2015-10-14,1.9740,3.0490,3.1503,4.3628,1.8610,3.2920,4.0270
2015-10-13,1.9900,3.0750,3.1841,4.4081,1.8890,3.3220,4.0320
2015-10-12,1.9730,3.0680,3.1374,4.3672,1.8900,3.3140,4.0320
2015-10-09,1.9110,2.9890,3.0151,4.2713,1.8310,3.2250,4.0230
2015-10-08,1.8870,2.9520,2.9745,4.2250,1.8070,3.1870,4.0210
2015-09-30,1.8090,2.8790,2.8558,4.1402,1.7590,3.1030,4.0140
2015-09-29,1.8180,2.8630,2.8606,4.1432,1.7400,3.1100,4.0130
2015-09-28,1.8460,2.8920,2.8941,4.1731,1.7720,3.1310,4.0150
2015-09-25,1.7930,2.8600,2.7926,4.1053,1.7620,3.0680,4.0130
2015-09-24,1.8440,2.8930,2.9009,4.1631,1.7890,3.1270,4.0170
2015-09-23,1.8250,2.8750,2.8666,4.1441,1.7810,3.1100,4.0150
2015-09-22,1.8310,2.8960,2.8696,4.1646,1.8190,3.1340,4.0190
2015-09-21,1.8150,2.8890,2.8629,4.1591,1.8000,3.1230,4.0170
2015-09-18,1.7380,2.8310,2.7352,4.0714,1.7740,3.0590,4.0100
2015-09-17,1.7160,2.8060,2.6716,4.0320,1.7670,3.0180,4.0080
2015-09-16,1.7420,2.8350,2.6743,4.0452,1.8130,3.0340,4.0140
2015-09-15,1.6400,2.7210,2.5149,3.9072,1.7270,2.9150,4.0000
2015-09-14,1.7070,2.8010,2.6462,4.0011,1.7830,2.9820,4.0090
2015-09-11,1.8050,2.9030,2.8259,4.1405,1.8240,3.1010,4.0190
2015-09-10,1.8010,2.8920,2.7992,4.1247,1.8320,3.0950,4.0200
2015-09-09,1.8220,2.9160,2.8420,4.1534,1.8520,3.0950,4.0240
2015-09-08,1.7770,2.8550,2.7595,4.0789,1.8130,3.0220,4.0190
2015-09-07,1.6970,2.7690,2.6689,3.9657,1.7600,2.9460,4.0080
2015-09-02,1.6880,2.7780,2.6327,3.9486,1.8150,2.9390,4.0140
2015-09-01,1.6930,2.8080,2.6690,3.9750,1.8080,2.9620,4.0170
2015-08-31,1.7760,2.8920,2.6620,4.0972,1.8260,3.0570,4.0260
2015-08-28,1.8240,2.9330,2.6547,4.1765,1.8270,3.1110,4.0300
2015-08-27,1.7420,2.8280,2.5981,4.0532,1.7720,3.0270,4.0150
2015-08-26,1.6780,2.7200,2.5002,3.9579,1.6610,2.9450,3.9960
2015-08-25,1.7110,2.7490,2.4930,3.9834,1.6280,2.9610,3.9910
2015-08-24,1.8150,2.9210,2.6504,4.1427,1.7440,3.0540,4.0130
2015-08-21,1.9490,3.1130,2.8252,4.3452,1.9240,3.1820,4.0470
2015-08-20,2.0250,3.2320,2.9236,4.4826,2.0180,3.2910,4.0670
2015-08-19,2.0830,3.3050,2.9840,4.5632,2.0770,3.3310,4.0770
2015-08-18,2.0500,3.2550,2.9520,4.5038,2.0450,3.2940,4.0700
2015-08-17,2.1680,3.4280,3.1688,4.6989,2.1780,3.4180,4.0960
2015-08-14,2.1540,3.3980,3.1473,4.6933,2.1680,3.4070,4.0920
2015-08-13,2.1380,3.3910,3.1497,4.6917,2.1660,3.4050,4.0920
2015-08-12,2.1120,3.3430,3.0906,4.6585,2.1410,3.3660,4.0830
2015-08-11,2.1430,3.3920,3.1548,4.7005,2.1790,3.4040,4.0900
2015-08-10,2.1560,3.4040,3.1539,4.6566,2.1880,3.4110,4.0910
2015-08-07,2.0620,3.2850,3.0634,4.5192,2.1110,3.3230,4.0720
2015-08-06,2.0060,3.2070,3.0231,4.4367,2.0700,3.2740,4.0620
2015-08-05,2.0290,3.2100,3.0292,4.4411,2.0790,3.2900,4.0620
2015-08-04,2.0460,3.2350,3.0642,4.4571,2.1140,3.3160,4.0670
2015-08-03,1.9700,3.1230,3.0057,4.3312,2.0550,3.2290,4.0490
2015-07-31,1.9960,3.1770,3.0537,4.4148,2.0340,3.2640,4.0560
2015-07-30,1.9990,3.1980,3.0984,4.4298,2.0310,3.2650,4.0580
2015-07-29,2.0660,3.2680,3.1922,4.5275,2.0910,3.3230,4.0700
2015-07-28,2.0100,3.1640,3.0795,4.4392,2.0420,3.2510,4.0560
2015-07-27,2.0360,3.2240,3.1627,4.5193,2.0330,3.2880,4.0630
2015-07-24,2.1710,3.4340,3.3706,4.7394,2.2120,3.4520,4.1000
2015-07-23,2.2120,3.4990,3.4241,4.7588,2.2490,3.5060,4.1050
2015-07-22,2.1690,3.4270,3.3281,4.6630,2.2000,3.4420,4.0940
2015-07-21,2.1610,3.3970,3.2828,4.6376,2.2070,3.4370,4.0920
2015-07-20,2.1430,3.3730,3.2353,4.5858,2.1970,3.4130,4.0880
2015-07-17,2.1260,3.3400,3.1915,4.5482,2.1950,3.3760,4.0830
2015-07-16,2.0420,3.2020,3.0648,4.4238,2.1140,3.2800,4.0610
2015-07-15,2.0080,3.1610,3.0320,4.4144,2.1020,3.2430,4.0540
2015-07-14,2.1010,3.2670,3.1772,4.5496,2.1640,3.3420,4.0760
2015-07-13,2.0570,3.2210,3.1893,4.4971,2.2220,3.2960,4.0750
2015-07-10,1.9470,3.0900,3.0790,4.3702,2.1570,3.1930,4.0430
2015-07-09,1.8590,2.9470,2.9363,4.2627,2.0430,3.0900,4.0150
2015-07-08,1.7930,2.8150,2.8045,4.1790,1.9120,3.0020,3.9890
2015-07-07,1.8680,2.9920,2.9605,4.2626,2.0530,3.0930,4.0170
2015-07-06,1.9860,3.0840,2.9709,4.3855,2.1030,3.1590,4.0310
2015-07-03,2.0250,3.0900,2.8999,4.4415,2.0560,3.1520,4.0290
2015-07-02,2.1080,3.2110,3.0364,4.5692,2.1500,3.2250,4.0570
2015-07-01,2.2100,3.3210,3.1044,4.7281,2.2150,3.3220,4.0900
2015-06-30,2.2970,3.4350,3.2135,4.8220,2.3060,3.4130,4.1270
2015-06-29,2.1790,3.3120,3.0866,4.6815,2.1950,3.2990,4.0920
2015-06-26,2.2950,3.4220,3.0852,4.8440,2.2370,3.3890,4.1210
2015-06-25,2.4720,3.6160,3.2473,5.0650,2.4050,3.5450,4.1840
2015-06-24,2.5580,3.7150,3.2947,5.1464,2.4800,3.6240,4.2120
2015-06-23,2.5380,3.6760,3.2316,5.0975,2.4340,3.5960,4.1980
2015-06-19,2.4850,3.6260,3.1530,5.0469,2.3520,3.5640,4.1810
2015-06-18,2.5990,3.7710,3.2873,5.2084,2.4950,3.6620,4.2270
2015-06-17,2.7080,3.8640,3.3932,5.3156,2.5870,3.7180,4.2600
2015-06-16,2.6890,3.8100,3.3598,5.2790,2.5640,3.6810,4.2470
2015-06-15,2.7720,3.9080,3.4322,5.3848,2.6400,3.7190,4.2780
2015-06-12,2.8400,3.9940,3.4782,5.4950,2.7060,3.7350,4.3050
2015-06-11,2.8080,3.9500,3.4554,5.4237,2.6770,3.7190,4.2960
2015-06-10,2.7380,3.8980,3.4689,5.4000,2.6550,3.7040,4.2870
2015-06-09,2.6730,3.8710,3.4764,5.3550,2.6430,3.6890,4.2790
2015-06-08,2.6870,3.9130,3.4919,5.3442,2.6580,3.6990,4.2830
2015-06-05,2.7480,3.9130,3.4249,5.3689,2.5980,3.7020,4.2870
2015-06-04,2.7300,3.9160,3.3926,5.3731,2.5870,3.6380,4.2850
2015-06-03,2.7530,3.9130,3.3709,5.3561,2.5560,3.6990,4.2870
2015-06-02,2.7540,3.8940,3.3599,5.3463,2.5620,3.6940,4.2870
2015-06-01,2.6730,3.8360,3.3273,5.2625,2.5280,3.6020,4.2610
2015-05-29,2.5440,3.7050,3.2035,5.1309,2.4270,3.4690,4.2150
2015-05-28,2.4930,3.6330,3.2028,5.0923,2.4040,3.4390,4.2060
2015-05-27,2.6140,3.7920,3.3697,5.2702,2.5080,3.5760,4.2570
2015-05-26,2.6080,3.7640,3.3636,5.2546,2.4870,3.5510,4.2570
2015-05-25,2.5380,3.6850,3.3187,5.1655,2.4240,3.4870,4.2320
2015-05-22,2.5060,3.6330,3.2620,5.1112,2.3750,3.4420,4.2020
2015-05-21,2.5040,3.5770,3.2907,5.0923,2.3430,3.4060,4.1920
2015-05-20,2.4080,3.4770,3.1774,4.9981,2.2990,3.3030,4.1680
2015-05-19,2.3750,3.4290,3.1057,4.9289,2.2580,3.2680,4.1450
2015-05-18,2.3450,3.3620,3.0273,4.8691,2.2070,3.2160,4.1240
2015-05-15,2.2820,3.3100,2.9354,4.8182,2.1740,3.1690,4.1150
2015-05-14,2.2860,3.3200,2.9375,4.8433,2.1890,3.1600,4.1220
2015-05-13,2.2650,3.3690,2.9439,4.8428,2.1860,3.1370,4.1270
2015-05-12,2.2710,3.3770,2.9422,4.8258,2.1890,3.1230,4.1340
2015-05-11,2.2390,3.3230,2.8882,4.7846,2.1640,3.0840,4.1210
2015-05-08,2.1550,3.2130,2.7804,4.6951,2.1110,2.9940,4.0960
2015-05-07,2.0910,3.1110,2.6822,4.6085,2.0590,2.9000,4.0740
2015-05-06,2.1310,3.1310,2.6952,4.6138,2.0690,2.9460,4.0790
2015-05-05,2.1230,3.1100,2.6829,4.6168,2.0730,2.9400,4.0730
2015-05-04,2.1560,3.1990,2.7494,4.7083,2.1080,3.0150,4.0940
2015-04-30,2.1590,3.1990,2.7589,4.7204,2.1080,3.0100,4.0990
2015-04-29,2.1540,3.1860,2.7471,4.6802,2.1190,2.9780,4.0950
2015-04-28,2.1280,3.1280,2.7025,4.6135,2.1000,2.9140,4.0840
2015-04-27,2.1820,3.1750,2.7599,4.6799,2.1380,3.0180,4.0990
2015-04-24,2.1860,3.1420,2.7430,4.6543,2.1300,3.0010,4.0900
2015-04-23,2.1820,3.1720,2.7677,4.6778,2.1370,2.9980,4.0960
2015-04-22,2.1620,3.1640,2.7526,4.6691,2.1180,2.9670,4.0930
2015-04-21,2.1340,3.1050,2.6855,4.6137,2.0770,2.8820,4.0740
2015-04-20,2.0600,3.0250,2.6034,4.5172,2.0200,2.8020,4.0440
2015-04-17,2.1020,3.1190,2.6632,4.5796,2.0620,2.8640,4.0630
2015-04-16,2.1290,3.1310,2.6730,4.5965,2.0640,2.8780,4.0590
2015-04-15,2.0950,3.0870,2.6404,4.5463,2.0490,2.8360,4.0410
2015-04-14,2.1620,3.1590,2.7360,4.6527,2.1050,2.9470,4.0580
2015-04-13,2.1400,3.1760,2.7580,4.6800,2.1050,2.9940,4.0620
2015-04-10,2.0460,3.1360,2.7327,4.6361,2.0940,2.9370,4.0550
2015-04-09,1.9790,3.0670,2.6829,4.5723,2.0610,2.8380,4.0360
2015-04-08,1.9860,3.0760,2.6727,4.5389,2.0710,2.8490,4.0440
2015-04-07,2.0220,3.0910,2.6804,4.5572,2.0840,2.8870,4.0470
2015-04-03,1.9840,3.0370,2.6417,4.5091,2.0570,2.8390,4.0310
2015-04-02,1.9650,3.0090,2.6068,4.4754,2.0150,2.7830,4.0210
2015-04-01,1.9300,2.9770,2.5805,4.4473,1.9700,2.7530,4.0130
2015-03-31,1.8780,2.9190,2.5172,4.3899,1.9220,2.6890,3.9960
2015-03-30,1.8610,2.8990,2.5034,4.3778,1.8980,2.6850,4.0010
2015-03-27,1.8530,2.8890,2.5072,4.3666,1.8880,2.6690,3.9930
2015-03-26,1.8380,2.8770,2.4736,4.3156,1.8690,2.6270,3.9870
2015-03-25,1.8650,2.9040,2.5199,4.3477,1.8850,2.6530,3.9900
2015-03-24,1.8460,2.8960,2.5155,4.3502,1.8690,2.6160,3.9910
2015-03-23,1.8400,2.8850,2.4841,4.3171,1.8640,2.5840,3.9850
2015-03-20,1.8130,2.8210,2.4236,4.2479,1.8270,2.5340,3.9660
2015-03-19,1.7990,2.7840,2.3856,4.2019,1.8120,2.5110,3.9580
2015-03-18,1.8030,2.7910,2.3904,4.1967,1.7980,2.5220,3.9590
2015-03-17,1.7770,2.7580,2.3572,4.1581,1.7680,2.4740,3.9450
2015-03-16,1.7760,2.7380,2.3506,4.1430,1.7440,2.4710,3.9390
2015-03-13,1.7270,2.6660,2.2827,4.0697,1.7010,2.4060,3.9220
2015-03-12,1.7090,2.6400,2.2544,4.0417,1.6710,2.3640,3.9130
2015-03-11,1.7230,2.6150,2.2662,4.0560,1.6740,2.3650,3.9100
2015-03-10,1.7370,2.6250,2.2752,4.0554,1.6790,2.3510,3.9140
2015-03-09,1.7140,2.5980,2.2440,4.0109,1.6660,2.2840,3.9070
2015-03-06,1.6960,2.5610,2.2191,3.9846,1.6470,2.2260,3.8930
2015-03-05,1.7380,2.5830,2.2535,4.0145,1.6710,2.2540,3.9050
2015-03-04,1.7260,2.5910,2.2616,4.0154,1.6710,2.2300,3.9060
2015-03-03,1.6760,2.5580,2.2534,3.9948,1.6420,2.1910,3.8940
2015-03-02,1.6810,2.5910,2.2992,4.0282,1.6450,2.2210,3.9050
2015-02-27,1.6660,2.5720,2.2700,3.9856,1.6140,2.1900,3.8940
2015-02-26,1.6580,2.5640,2.2604,3.9769,1.5950,2.1630,3.8880
2015-02-25,1.6630,2.5440,2.2612,3.9606,1.5820,2.1510,3.8800
2015-02-17,1.6630,2.5550,2.2916,3.9998,1.5860,2.1760,3.8820
2015-02-16,1.6570,2.5420,2.2771,3.9842,1.5810,2.1520,3.8800
2015-02-13,1.6360,2.5050,2.2719,3.9528,1.5500,2.1050,3.8640
2015-02-12,1.6200,2.4850,2.2626,3.9333,1.5300,2.0790,3.8560
2015-02-11,1.6130,2.4780,2.2573,3.9192,1.5130,2.0600,3.8520
2015-02-10,1.6020,2.4540,2.2471,3.8744,1.5040,2.0340,3.8420
2015-02-09,1.5940,2.4140,2.2263,3.8498,1.4790,2.0160,3.8300
2015-02-06,1.5980,2.4170,2.2022,3.8594,1.4930,2.0120,3.8320
2015-02-05,1.6070,2.4440,2.2223,3.8819,1.5220,2.0390,3.8430
2015-02-04,1.6160,2.4470,2.2286,3.8774,1.5300,2.0500,3.8470
2015-02-03,1.6300,2.4600,2.2489,3.8887,1.5270,2.0670,3.8530
2015-02-02,1.6140,2.4030,2.2143,3.8388,1.5060,2.0260,3.8390
2015-01-30,1.6180,2.4080,2.2083,3.8495,1.5110,2.0280,3.8410
2015-01-29,1.6280,2.4400,2.2374,3.8818,1.5220,2.0490,3.8500
2015-01-28,1.6490,2.4520,2.2469,3.9109,1.5290,2.0730,3.8550
2015-01-27,1.6520,2.4720,2.2537,3.9299,1.5420,2.0910,3.8640
2015-01-26,1.6440,2.4870,2.2442,3.9244,1.5360,2.0880,3.8650
2015-01-23,1.6280,2.4680,2.2230,3.8793,1.5120,2.0500,3.8530
2015-01-22,1.6460,2.4690,2.2528,3.9085,1.5270,2.0620,3.8580
2015-01-21,1.6380,2.4650,2.2379,3.8849,1.5050,2.0470,3.8530
2015-01-20,1.6210,2.3930,2.2189,3.8439,1.4770,1.9970,3.8320
2015-01-19,1.5820,2.3450,2.1511,3.7665,1.4340,1.9530,3.8040
2015-01-16,1.5790,2.4340,2.1690,3.8306,1.4680,2.0250,3.8350
2015-01-15,1.5640,2.4010,2.1225,3.7785,1.4520,2.0020,3.8270
2015-01-14,1.5680,2.3750,2.1308,3.7775,1.4470,1.9700,3.8190
2015-01-13,1.5760,2.3780,2.1334,3.7757,1.4550,1.9690,3.8250
2015-01-12,1.5630,2.3670,2.0924,3.7461,1.4370,1.9620,3.8140
2015-01-09,1.5590,2.3560,2.0863,3.7200,1.4580,1.9510,3.8110
2015-01-08,1.5590,2.3410,2.0898,3.7178,1.4660,1.9380,3.8100
2015-01-07,1.5520,2.3530,2.0862,3.7025,1.4740,1.9300,3.8210
2015-01-06,1.5600,2.3590,2.0999,3.7078,1.4750,1.9260,3.8260
2015-01-05,1.5150,2.3520,2.1331,3.6731,1.4510,1.8670,3.8170
2014-12-31,1.5130,2.3040,2.1202,3.6655,1.4320,1.9220,3.7950
2014-12-30,1.5010,2.2740,2.0755,3.6255,1.4240,1.9120,3.7830
2014-12-29,1.5130,2.2780,2.0634,3.6471,1.4500,1.9490,3.7910
2014-12-26,1.5350,2.2800,2.0508,3.6632,1.4670,2.0270,3.7970
2014-12-25,1.5340,2.2440,1.9858,3.6263,1.4620,2.0040,3.7840
2014-12-24,1.5280,2.2120,1.9460,3.6116,1.4470,1.9840,3.7630
2014-12-23,1.5100,2.2290,1.9741,3.5832,1.4270,1.9400,3.7640
2014-12-22,1.5220,2.2390,2.0054,3.6136,1.4470,1.9850,3.7800
2014-12-19,1.5690,2.2740,2.0336,3.7030,1.4920,2.1260,3.8020
2014-12-18,1.5880,2.2870,2.0343,3.7517,1.4970,2.2000,3.8090
2014-12-17,1.5970,2.2800,2.0557,3.7774,1.4950,2.2350,3.8180
2014-12-16,1.6200,2.2640,2.0299,3.7836,1.5070,2.2260,3.8210
2014-12-15,1.6280,2.2220,1.9916,3.7863,1.5050,2.2280,3.8140
2014-12-12,1.5990,2.1920,1.9626,3.7501,1.4870,2.1500,3.8020
2014-12-11,1.5900,2.1870,1.9298,3.7267,1.4740,2.0580,3.7950
2014-12-10,1.5830,2.1920,1.9515,3.7113,1.4550,2.0560,3.7950
2014-12-09,1.5470,2.1340,1.9281,3.6629,1.4110,2.0010,3.7630
2014-12-08,1.5910,2.2300,2.0262,3.7266,1.4650,2.1540,3.8060
2014-12-05,1.5980,2.1880,1.9995,3.7139,1.4590,2.2210,3.7950
2014-12-04,1.6200,2.2140,1.9948,3.7484,1.4940,2.2660,3.8040
2014-12-03,1.6020,2.1570,1.9388,3.6944,1.4720,2.1850,3.7790
2014-12-02,1.5930,2.1470,1.9396,3.6677,1.4560,2.2030,3.7720
2014-12-01,1.5880,2.1030,1.8973,3.6507,1.4430,2.2090,3.7550
2014-11-28,1.5940,2.0920,1.9131,3.6523,1.4510,2.2110,3.7600
2014-11-27,1.5970,2.0690,1.9033,3.6296,1.4520,2.1490,3.7610
2014-11-26,1.5900,2.0520,1.8757,3.6048,1.4480,2.1280,3.7560
2014-11-25,1.5860,2.0260,1.8495,3.5979,1.4400,2.0780,3.7490
2014-11-24,1.5690,2.0070,1.8260,3.5766,1.4210,2.0220,3.7360
2014-11-21,1.5790,1.9790,1.8008,3.5526,1.4090,1.9980,3.7280
2014-11-20,1.5760,1.9610,1.7790,3.5384,1.3990,1.9850,3.7180
2014-11-19,1.5860,1.9620,1.7761,3.5432,1.4030,1.9830,3.7220
2014-11-18,1.5760,1.9630,1.7658,3.5302,1.3990,1.9380,3.7190
2014-11-17,1.5800,1.9690,1.7662,3.5312,1.3970,1.9100,3.7250
2014-11-14,1.5650,1.9660,1.7524,3.5191,1.3830,1.8460,3.7190
2014-11-13,1.5600,1.9670,1.7635,3.5191,1.3860,1.8800,3.7180
2014-11-12,1.5830,1.9810,1.7867,3.5455,1.4020,1.9130,3.7270
2014-11-11,1.5770,1.9660,1.7618,3.5262,1.3840,1.8750,3.7190
2014-11-10,1.6090,1.9970,1.7981,3.5617,1.4240,1.9300,3.7360
2014-11-07,1.6100,1.9820,1.7868,3.5574,1.4180,1.9190,3.7250
2014-11-06,1.6200,1.9810,1.7874,3.5537,1.4320,1.8990,3.7320
2014-11-05,1.6050,1.9760,1.7791,3.5391,1.4230,1.8560,3.7280
2014-11-04,1.6100,1.9890,1.7776,3.5376,1.4270,1.8640,3.7320
2014-11-03,1.6270,2.0050,1.7891,3.5521,1.4340,1.9020,3.7400
2014-10-31,1.6350,1.9940,1.7814,3.5458,1.4200,1.8850,3.7380
2014-10-30,1.6440,1.9910,1.7898,3.5481,1.4220,1.8930,3.7400
2014-10-29,1.6400,1.9930,1.7960,3.5473,1.4150,1.9180,3.7410
2014-10-28,1.6400,1.9710,1.7790,3.5345,1.4050,1.8910,3.7310
2014-10-27,1.6220,1.9430,1.7459,3.4979,1.3760,1.8560,3.7190
2014-10-24,1.6060,1.9450,1.7402,3.4819,1.3630,1.8110,3.7120
2014-10-23,1.5990,1.9410,1.7376,3.4694,1.3570,1.8030,3.7100
2014-10-22,1.6180,1.9550,1.7571,3.4917,1.3720,1.8370,3.7240
2014-10-21,1.6420,1.9660,1.7702,3.5177,1.3840,1.8590,3.7350
2014-10-20,1.6640,1.9790,1.7801,3.5273,1.3920,1.8580,3.7460
2014-10-17,1.6440,1.9570,1.7731,3.5016,1.3740,1.8350,3.7350
2014-10-16,1.6580,1.9590,1.7858,3.5137,1.3850,1.8750,3.7400
2014-10-15,1.6760,1.9700,1.8018,3.5319,1.4050,1.8860,3.7510
2014-10-14,1.6510,1.9540,1.7933,3.5227,1.4000,1.8680,3.7450
2014-10-13,1.6630,1.9630,1.7980,3.5224,1.4030,1.8800,3.7470
2014-10-10,1.6560,1.9770,1.7982,3.5249,1.3990,1.8800,3.7580
2014-10-09,1.6570,1.9830,1.8103,3.5300,1.4070,1.8840,3.7640
2014-10-08,1.6590,1.9810,1.8128,3.5258,1.4060,1.8980,3.7620
2014-09-30,1.6180,1.9530,1.7859,3.5075,1.3930,1.8750,3.7500
2014-09-29,1.6100,1.9510,1.7830,3.4929,1.3830,1.8320,3.7460
2014-09-26,1.6020,1.9390,1.7732,3.4725,1.3760,1.8190,3.7400
2014-09-25,1.6000,1.9450,1.7693,3.4677,1.3700,1.8050,3.7360
2014-09-24,1.6120,1.9510,1.7769,3.4698,1.3710,1.8000,3.7390
2014-09-23,1.6020,1.9310,1.7663,3.4546,1.3540,1.7900,3.7290
2014-09-22,1.5950,1.9180,1.7536,3.4417,1.3410,1.7450,3.7190
2014-09-19,1.6060,1.9480,1.7611,3.4545,1.3600,1.7570,3.7330
2014-09-18,1.5960,1.9320,1.7438,3.4359,1.3510,1.7400,3.7260
2014-09-17,1.5750,1.9190,1.7321,3.4276,1.3430,1.7220,3.7190
2014-09-16,1.5650,1.9150,1.7286,3.4217,1.3320,1.7170,3.7180
2014-09-15,1.6040,1.9550,1.7735,3.4668,1.3730,1.7870,3.7470
2014-09-12,1.5970,1.9510,1.7634,3.4653,1.3590,1.7870,3.7430
2014-09-11,1.5890,1.9360,1.7541,3.4430,1.3450,1.7790,3.7400
2014-09-10,1.5870,1.9420,1.7552,3.4459,1.3480,1.7890,3.7450
2014-09-09,1.5860,1.9460,1.7500,3.4466,1.3410,1.7810,3.7470
2014-09-05,1.5770,1.9510,1.7467,3.4449,1.3340,1.7700,3.7440
2014-09-04,1.5730,1.9470,1.7482,3.4408,1.3260,1.7730,3.7360
2014-09-03,1.5690,1.9350,1.7450,3.4340,1.3150,1.7500,3.7330
2014-09-02,1.5670,1.9220,1.7408,3.4228,1.3040,1.7310,3.7240
2014-09-01,1.5610,1.9080,1.7276,3.4132,1.2890,1.7210,3.7150
2014-08-29,1.5420,1.8930,1.7030,3.4014,1.2710,1.6950,3.7030
2014-08-28,1.5290,1.8790,1.6940,3.3875,1.2600,1.6820,3.6920
2014-08-27,1.5390,1.8950,1.7009,3.3962,1.2680,1.6980,3.6940
2014-08-26,1.5420,1.8920,1.6945,3.3894,1.2600,1.6780,3.6910
2014-08-25,1.5630,1.9050,1.7104,3.4087,1.2830,1.7160,3.7020
2014-08-22,1.5670,1.9170,1.7276,3.4162,1.2900,1.7260,3.7090
2014-08-21,1.5570,1.9060,1.7219,3.4121,1.2810,1.7190,3.7070
2014-08-20,1.5580,1.9070,1.7100,3.4152,1.2790,1.7110,3.7100
2014-08-19,1.5610,1.9150,1.7163,3.4159,1.2840,1.7340,3.7100
2014-08-18,1.5630,1.9150,1.7053,3.4069,1.2810,1.7190,3.7080
2014-08-15,1.5450,1.9060,1.6800,3.3966,1.2650,1.6650,3.6990
2014-08-14,1.5330,1.8920,1.6569,3.3900,1.2540,1.6530,3.6920
2014-08-13,1.5410,1.9080,1.6566,3.3989,1.2580,1.6610,3.6960
2014-08-12,1.5440,1.9080,1.6647,3.3891,1.2570,1.6830,3.6990
2014-08-11,1.5470,1.9060,1.6587,3.3861,1.2520,1.6780,3.7010
2014-08-08,1.5310,1.8870,1.6432,3.3722,1.2360,1.6660,3.6880
2014-08-07,1.5290,1.8860,1.6362,3.3654,1.2240,1.6530,3.6810
2014-08-06,1.5380,1.8970,1.6394,3.3769,1.2330,1.6550,3.6930
2014-08-05,1.5350,1.9080,1.6356,3.3707,1.2240,1.6420,3.6950
2014-08-04,1.5320,1.9100,1.6300,3.3676,1.2170,1.6110,3.6920
2014-08-01,1.5260,1.8940,1.6196,3.3399,1.2030,1.6020,3.6820
2014-07-31,1.5200,1.9100,1.6330,3.3542,1.2140,1.6380,3.6850
2014-07-30,1.5190,1.8990,1.6309,3.3402,1.2050,1.6310,3.6750
2014-07-29,1.5080,1.9060,1.6286,3.3381,1.1980,1.6180,3.6690
2014-07-28,1.5000,1.8880,1.6159,3.3361,1.1880,1.6040,3.6600
2014-07-25,1.4820,1.8620,1.5964,3.3187,1.1730,1.5840,3.6440
2014-07-24,1.4750,1.8570,1.5911,3.3126,1.1650,1.5730,3.6380
2014-07-23,1.4890,1.8380,1.5990,3.2879,1.1670,1.5840,3.6360
2014-07-22,1.5130,1.8430,1.6170,3.2893,1.1770,1.6310,3.6450
2014-07-21,1.5010,1.8280,1.6054,3.2755,1.1640,1.6060,3.6350
2014-07-18,1.5000,1.8210,1.6038,3.2744,1.1670,1.5930,3.6250
2014-07-17,1.5040,1.8090,1.6061,3.2678,1.1690,1.5940,3.6210
2014-07-16,1.5060,1.8170,1.6112,3.2758,1.1720,1.6060,3.6320
2014-07-15,1.5220,1.8230,1.6241,3.2816,1.1830,1.6460,3.6420
2014-07-14,1.5290,1.8240,1.6305,3.2860,1.1900,1.6660,3.6400
2014-07-11,1.5220,1.8080,1.6208,3.2707,1.1780,1.6760,3.6300
2014-07-10,1.5240,1.7990,1.6184,3.2611,1.1670,1.7040,3.6300
2014-07-09,1.5250,1.8080,1.6290,3.2671,1.1670,1.7260,3.6370
2014-07-08,1.5410,1.8270,1.6483,3.2895,1.1800,1.7590,3.6530
2014-07-07,1.5300,1.8270,1.6417,3.2813,1.1710,1.7320,3.6490
2014-07-04,1.5420,1.8210,1.6511,3.2855,1.1740,1.7550,3.6540
2014-07-03,1.5530,1.8210,1.6509,3.2841,1.1730,1.7750,3.6530
2014-07-02,1.5330,1.8100,1.6556,3.2693,1.1630,1.7710,3.6480
2014-07-01,1.5150,1.8100,1.6514,3.2666,1.1540,1.7630,3.6470
2014-06-30,1.5110,1.8140,1.6529,3.2650,1.1490,1.7410,3.6450
2014-06-27,1.5010,1.8070,1.6437,3.2561,1.1360,1.7250,3.6400
2014-06-26,1.4990,1.8030,1.6385,3.2527,1.1290,1.7200,3.6390
2014-06-25,1.4800,1.7880,1.6183,3.2430,1.1140,1.6960,3.6270
2014-06-24,1.4870,1.7930,1.6265,3.2503,1.1200,1.7140,3.6290
2014-06-23,1.4740,1.7850,1.6197,3.2429,1.1140,1.6980,3.6230
2014-06-20,1.4640,1.7790,1.6041,3.2324,1.1030,1.6580,3.6170
2014-06-19,1.4550,1.7700,1.5953,3.2250,1.0950,1.6490,3.6130
2014-06-18,1.4770,1.7850,1.6206,3.2438,1.1250,1.6950,3.6300
2014-06-17,1.4820,1.7930,1.6308,3.2561,1.1330,1.7050,3.6370
2014-06-16,1.4980,1.8060,1.6410,3.2684,1.1390,1.7290,3.6450
2014-06-13,1.5000,1.8030,1.6321,3.2696,1.1340,1.7210,3.6410
2014-06-12,1.4920,1.7900,1.6215,3.2544,1.1220,1.6940,3.6330
2014-06-11,1.4970,1.7880,1.6259,3.2584,1.1250,1.6970,3.6330
2014-06-10,1.4870,1.7870,1.6209,3.2509,1.1190,1.6710,3.6260
2014-06-09,1.4820,1.7720,1.6039,3.2356,1.1040,1.6410,3.6170
2014-06-06,1.4890,1.7790,1.6168,3.2361,1.1090,1.6660,3.6220
2014-06-05,1.4850,1.7800,1.6144,3.2391,1.1120,1.6660,3.6270
2014-06-04,1.4730,1.7720,1.5974,3.2245,1.0990,1.6300,3.6140
2014-06-03,1.4800,1.7820,1.6032,3.2393,1.1060,1.6380,3.6170
2014-05-30,1.4770,1.7820,1.5951,3.2415,1.1080,1.6380,3.6250
2014-05-29,1.4810,1.7800,1.5888,3.2393,1.1040,1.6270,3.6270
2014-05-28,1.4860,1.7850,1.6054,3.2483,1.1160,1.6310,3.6350
2014-05-27,1.4690,1.7700,1.5917,3.2321,1.0990,1.5930,3.6230
2014-05-26,1.4740,1.7740,1.5960,3.2358,1.1000,1.6140,3.6290
2014-05-23,1.4470,1.7660,1.5848,3.2321,1.0880,1.6130,3.6190
2014-05-22,1.4340,1.7570,1.5747,3.2142,1.0750,1.5790,3.6090
2014-05-21,1.4280,1.7570,1.5653,3.2081,1.0760,1.5560,3.6040
2014-05-20,1.4140,1.7500,1.5550,3.1958,1.0650,1.5460,3.5970
2014-05-19,1.4080,1.7470,1.5498,3.1950,1.0610,1.5160,3.5960
2014-05-16,1.4190,1.7590,1.5564,3.2059,1.0640,1.5100,3.6060
2014-05-15,1.4320,1.7600,1.5713,3.2098,1.0700,1.5370,3.6140
2014-05-14,1.4470,1.7770,1.5855,3.2257,1.0870,1.5630,3.6260
2014-05-13,1.4430,1.7730,1.5871,3.2192,1.0880,1.5620,3.6300
2014-05-12,1.4450,1.7740,1.5876,3.2186,1.0890,1.5680,3.6260
2014-05-09,1.4340,1.7540,1.5695,3.2039,1.0660,1.5610,3.6150
2014-05-08,1.4490,1.7620,1.5791,3.2136,1.0770,1.5960,3.6200
2014-05-07,1.4550,1.7660,1.5861,3.2181,1.0810,1.6030,3.6250
2014-05-06,1.4700,1.7820,1.6108,3.2310,1.0980,1.6360,3.6420
2014-05-05,1.4580,1.7780,1.6004,3.2235,1.0940,1.6230,3.6370
2014-04-30,1.4470,1.7760,1.5869,3.2249,1.0830,1.5940,3.6290
2014-04-29,1.4340,1.7700,1.5697,3.2180,1.0720,1.5910,3.6170
2014-04-28,1.4210,1.7560,1.5503,3.2038,1.0590,1.5800,3.6020
2014-04-25,1.4550,1.7870,1.5712,3.2268,1.0870,1.6150,3.6210
2014-04-24,1.4730,1.7990,1.5907,3.2471,1.1050,1.6480,3.6390
2014-04-23,1.4840,1.8040,1.6054,3.2527,1.1130,1.6580,3.6410
2014-04-22,1.4930,1.8130,1.6153,3.2526,1.1160,1.6790,3.6460
2014-04-21,1.5110,1.8130,1.6272,3.2566,1.1270,1.7270,3.6560
2014-04-18,1.5220,1.8230,1.6409,3.2741,1.1400,1.7620,3.6680
2014-04-17,1.5160,1.8190,1.6368,3.2757,1.1350,1.7590,3.6670
2014-04-16,1.5190,1.8230,1.6322,3.2820,1.1310,1.7560,3.6690
2014-04-15,1.5240,1.8200,1.6338,3.2793,1.1320,1.7770,3.6720
2014-04-14,1.5250,1.8360,1.6441,3.2966,1.1380,1.7580,3.6820
2014-04-11,1.5180,1.8310,1.6349,3.2966,1.1310,1.7850,3.6760
2014-04-10,1.5210,1.8350,1.6437,3.2997,1.1350,1.8150,3.6750
2014-04-09,1.5170,1.8300,1.6387,3.2980,1.1290,1.8020,3.6700
2014-04-08,1.5030,1.8250,1.6236,3.2972,1.1190,1.7890,3.6620
2014-04-04,1.4950,1.8060,1.6114,3.2839,1.1100,1.8030,3.6470
2014-04-03,1.4810,1.7920,1.5919,3.2709,1.0950,1.7800,3.6340
2014-04-02,1.4890,1.7910,1.5896,3.2768,1.0920,1.7660,3.6340
2014-04-01,1.5020,1.7820,1.6014,3.2782,1.1010,1.8080,3.6440
2014-03-31,1.4900,1.7700,1.5823,3.2576,1.0850,1.7640,3.6330
2014-03-28,1.4880,1.7700,1.5934,3.2570,1.0910,1.7580,3.6340
2014-03-27,1.5270,1.7760,1.6198,3.2698,1.1160,1.8290,3.6510
2014-03-26,1.5440,1.7870,1.6521,3.2939,1.1370,1.8890,3.6700
2014-03-25,1.5260,1.7840,1.6341,3.2864,1.1320,1.8680,3.6610
2014-03-24,1.5340,1.7950,1.6301,3.2967,1.1350,1.8860,3.6570
2014-03-21,1.5460,1.7900,1.6352,3.2916,1.1360,1.8770,3.6660
2014-03-20,1.5450,1.7560,1.6244,3.2628,1.1170,1.8700,3.6560
2014-03-19,1.5770,1.7710,1.6733,3.2845,1.1470,1.9240,3.6820
2014-03-18,1.5840,1.7850,1.6932,3.2996,1.1540,1.9300,3.7020
2014-03-17,1.5800,1.7900,1.6886,3.2945,1.1500,1.9130,3.6990
2014-03-14,1.5500,1.7720,1.6661,3.2780,1.1280,1.8790,3.6870
2014-03-13,1.5620,1.7700,1.6651,3.2865,1.1320,1.8770,3.6910
2014-03-12,1.5430,1.7590,1.6423,3.2650,1.1190,1.8030,3.6730
2014-03-11,1.5360,1.7630,1.6342,3.2582,1.1260,1.8210,3.6730
2014-03-10,1.5320,1.7500,1.6293,3.2555,1.1290,1.8360,3.6730
2014-03-07,1.5620,1.7790,1.6700,3.2924,1.1640,1.8920,3.6910
2014-03-06,1.5470,1.7820,1.6708,3.2972,1.1650,1.8990,3.6880
2014-03-05,1.5580,1.7680,1.6704,3.2937,1.1660,1.9230,3.6950
2014-03-04,1.5750,1.7790,1.6758,3.3048,1.1680,1.9120,3.7030
2014-03-03,1.5810,1.7810,1.6865,3.3031,1.1750,1.8920,3.7130
2014-02-28,1.5630,1.7630,1.6719,3.2910,1.1550,1.8540,3.6990
2014-02-27,1.5560,1.7520,1.6524,3.2696,1.1420,1.8210,3.6850
2014-02-26,1.5900,1.7790,1.6932,3.2958,1.1640,1.8930,3.7010
2014-02-25,1.5850,1.7750,1.7055,3.2835,1.1670,1.9040,3.6990
2014-02-24,1.6220,1.8120,1.7521,3.3259,1.2120,1.9870,3.7290
2014-02-21,1.6100,1.8310,1.7494,3.3495,1.2130,1.9420,3.7330
2014-02-20,1.6100,1.8390,1.7533,3.3644,1.2140,1.9460,3.7400
2014-02-19,1.6300,1.8530,1.7689,3.3725,1.2340,1.9450,3.7440
2014-02-18,1.6220,1.8490,1.7651,3.3670,1.2350,1.9480,3.7490
2014-02-17,1.6180,1.8590,1.7698,3.3852,1.2360,1.9860,3.7530
2014-02-14,1.5980,1.8380,1.7567,3.3697,1.2140,1.9150,3.7400
2014-02-13,1.5770,1.8200,1.7385,3.3454,1.1930,1.8570,3.7270
2014-02-12,1.6010,1.8340,1.7657,3.3667,1.2160,1.9280,3.7480
2014-02-11,1.5970,1.8280,1.7705,3.3532,1.1950,1.9070,3.7450
2014-02-10,1.5970,1.8300,1.7867,3.3504,1.1830,1.8850,3.7510
2014-02-07,1.5690,1.7990,1.7678,3.3181,1.1540,1.8520,3.7150
2014-01-30,1.5580,1.7870,1.7536,3.3077,1.1360,1.7910,3.7020
2014-01-29,1.5560,1.8000,1.7521,3.3168,1.1390,1.7710,3.7080
2014-01-28,1.5400,1.7990,1.7420,3.2999,1.1240,1.6640,3.7010
2014-01-27,1.5410,1.8030,1.7503,3.3026,1.1280,1.6680,3.7120
2014-01-24,1.5490,1.8130,1.7660,3.3214,1.1300,1.6720,3.7220
2014-01-23,1.5300,1.7960,1.7618,3.3034,1.1120,1.6340,3.7160
2014-01-22,1.5260,1.7880,1.7424,3.2978,1.1030,1.5820,3.7060
2014-01-21,1.5120,1.7590,1.7188,3.2579,1.0800,1.5310,3.6810
2014-01-20,1.5070,1.7450,1.6930,3.2415,1.0680,1.4920,3.6720
2014-01-17,1.5110,1.7560,1.7140,3.2613,1.0770,1.5240,3.6880
2014-01-16,1.5230,1.7750,1.7283,3.2818,1.0890,1.5230,3.7010
2014-01-15,1.5260,1.7760,1.7385,3.2882,1.0910,1.5350,3.7040
2014-01-14,1.5110,1.7730,1.7267,3.2795,1.0830,1.4880,3.6920
2014-01-13,1.4900,1.7540,1.7125,3.2581,1.0650,1.4850,3.6790
2014-01-10,1.4820,1.7630,1.7093,3.2624,1.0700,1.5010,3.6850
2014-01-09,1.5060,1.7800,1.7343,3.2797,1.0880,1.5010,3.6900
2014-01-08,1.5170,1.7910,1.7454,3.2963,1.1050,1.4870,3.7080
2014-01-07,1.4980,1.7890,1.7239,3.2906,1.0960,1.4620,3.6940
2014-01-06,1.4800,1.7820,1.7130,3.2761,1.0910,1.4310,3.6800
2014-01-03,1.5010,1.8120,1.7293,3.3147,1.1150,1.4400,3.6970
2014-01-02,1.5020,1.8170,1.7248,3.3162,1.1220,1.4160,3.7010
2013-12-31,1.4860,1.8110,1.7160,3.3098,1.1130,1.3970,3.7050
2013-12-30,1.4810,1.8000,1.7111,3.3006,1.1090,1.4010,3.7010
2013-12-27,1.4780,1.7970,1.7075,3.2899,1.1040,1.3830,3.7010
2013-12-26,1.4670,1.7770,1.6988,3.2676,1.0860,1.3610,3.6860
2013-12-25,1.4710,1.8000,1.7091,3.2842,1.1060,1.3700,3.6960
2013-12-24,1.4670,1.7870,1.6968,3.2616,1.0900,1.3220,3.6860
2013-12-23,1.4690,1.7760,1.6853,3.2588,1.0790,1.3080,3.6830
2013-12-20,1.4400,1.7690,1.6864,3.2531,1.0730,1.3200,3.6840
2013-12-19,1.4420,1.7880,1.6897,3.2756,1.0870,1.3170,3.6900
2013-12-18,1.4420,1.8030,1.6942,3.2954,1.0910,1.3300,3.6980
2013-12-17,1.4390,1.8040,1.7000,3.2928,1.0920,1.3450,3.6970
2013-12-16,1.4300,1.8090,1.7063,3.3039,1.1000,1.3650,3.7080
2013-12-13,1.4460,1.8220,1.7165,3.3279,1.1170,1.3690,3.7170
2013-12-12,1.4470,1.8160,1.7194,3.3217,1.1150,1.3760,3.7150
2013-12-11,1.4340,1.8080,1.7017,3.3140,1.1080,1.3390,3.7100
2013-12-10,1.4410,1.8190,1.6984,3.3289,1.1170,1.3310,3.7170
2013-12-09,1.4510,1.8130,1.7015,3.3146,1.1170,1.3340,3.7200
2013-12-06,1.4450,1.8110,1.6873,3.2985,1.1050,1.3120,3.7150
2013-12-05,1.4480,1.8190,1.6866,3.3089,1.1080,1.3130,3.7210
2013-12-04,1.4530,1.8280,1.7046,3.3143,1.1170,1.3350,3.7280
2013-12-03,1.4450,1.8100,1.7113,3.2953,1.1060,1.3480,3.7120
2013-12-02,1.4270,1.7920,1.7052,3.2676,1.0830,1.3620,3.6960
2013-11-29,1.4770,1.8250,1.7526,3.3257,1.1250,1.4620,3.7310
2013-11-28,1.4590,1.8200,1.7388,3.3122,1.1150,1.4360,3.7260
2013-11-27,1.4500,1.8040,1.7282,3.2906,1.1010,1.4470,3.7110
2013-11-26,1.4430,1.7920,1.6974,3.2759,1.0900,1.4060,3.6960
2013-11-25,1.4390,1.7920,1.7043,3.2795,1.0870,1.4190,3.6950
2013-11-22,1.4360,1.7990,1.7040,3.2859,1.0870,1.4250,3.7010
2013-11-21,1.4430,1.8040,1.7109,3.2932,1.0870,1.4110,3.7110
2013-11-20,1.4530,1.8120,1.7148,3.2984,1.0950,1.3860,3.7180
2013-11-19,1.4500,1.8120,1.7144,3.2946,1.0910,1.3830,3.7130
2013-11-18,1.4550,1.8240,1.7108,3.2979,1.0920,1.3590,3.7220
2013-11-15,1.4470,1.7900,1.6948,3.2521,1.0680,1.3310,3.7020
2013-11-14,1.4290,1.7700,1.6840,3.2255,1.0490,1.3070,3.6840
2013-11-13,1.4060,1.7680,1.6620,3.2108,1.0370,1.2580,3.6620
2013-11-12,1.4280,1.7890,1.6770,3.2375,1.0520,1.2700,3.6830
2013-11-11,1.4080,1.7780,1.6700,3.2266,1.0450,1.2560,3.6750
2013-11-08,1.3730,1.7700,1.6659,3.2221,1.0370,1.2660,3.6610
2013-11-07,1.3920,1.7910,1.6656,3.2407,1.0490,1.2620,3.6750
2013-11-06,1.4150,1.8050,1.6736,3.2663,1.0630,1.2770,3.6930
2013-11-05,1.4380,1.8220,1.6887,3.2965,1.0730,1.3060,3.7070
2013-11-04,1.4320,1.8190,1.6701,3.2790,1.0640,1.2710,3.6990
2013-11-01,1.4410,1.8170,1.6713,3.2733,1.0640,1.2820,3.6970
2013-10-31,1.4470,1.8100,1.6815,3.2743,1.0610,1.3110,3.7000
2013-10-30,1.4830,1.8220,1.7056,3.2855,1.0700,1.3470,3.7370
2013-10-29,1.4730,1.8040,1.6975,3.2608,1.0520,1.3410,3.7140
2013-10-28,1.4760,1.8060,1.7027,3.2812,1.0590,1.3670,3.7190
2013-10-25,1.4840,1.8120,1.6987,3.2911,1.0650,1.3640,3.7220
2013-10-24,1.5070,1.8320,1.7204,3.3060,1.0800,1.3940,3.7440
2013-10-23,1.5200,1.8450,1.7320,3.3230,1.0850,1.4080,3.7480
2013-10-22,1.5540,1.8610,1.7531,3.3618,1.0980,1.4430,3.7750
2013-10-21,1.5750,1.8790,1.7889,3.3930,1.1060,1.5160,3.7880
2013-10-18,1.5400,1.8550,1.7494,3.3396,1.0860,1.4700,3.7550
2013-10-17,1.5360,1.8500,1.7338,3.3328,1.0830,1.4370,3.7430
2013-10-16,1.5480,1.8580,1.7419,3.3414,1.0850,1.4540,3.7450
2013-10-15,1.5780,1.8920,1.7748,3.3831,1.1070,1.5270,3.7710
2013-10-14,1.5750,1.9000,1.7800,3.3864,1.1090,1.5360,3.7680
2013-10-11,1.5840,1.9010,1.7701,3.3644,1.1030,1.5180,3.7640
2013-10-10,1.5820,1.8790,1.7730,3.3352,1.0820,1.5360,3.7520
2013-10-09,1.6020,1.8940,1.8003,3.3395,1.0900,1.6030,3.7590
2013-10-08,1.5940,1.8920,1.7974,3.3372,1.0790,1.5790,3.7450
2013-09-30,1.5920,1.8680,1.7971,3.3087,1.0660,1.5610,3.7380
2013-09-27,1.5820,1.8620,1.7707,3.2902,1.0600,1.5050,3.7240
2013-09-26,1.5470,1.8640,1.7587,3.2885,1.0580,1.4820,3.7170
2013-09-25,1.5280,1.8830,1.7719,3.3184,1.0740,1.5290,3.7230
2013-09-24,1.5530,1.8950,1.7758,3.2951,1.0820,1.5420,3.7300
2013-09-23,1.5420,1.9090,1.7623,3.2786,1.0940,1.5130,3.7220
2013-09-18,1.5090,1.8920,1.7276,3.2494,1.0810,1.4420,3.6970
2013-09-17,1.4880,1.8930,1.7177,3.2401,1.0810,1.4210,3.6900
2013-09-16,1.5040,1.9210,1.7183,3.2813,1.0980,1.4140,3.7000
2013-09-13,1.4860,1.9230,1.7078,3.2843,1.1000,1.3850,3.6950
2013-09-12,1.4650,1.9240,1.6885,3.2736,1.1020,1.3500,3.6860
2013-09-11,1.4700,1.9160,1.6913,3.2566,1.0970,1.3450,3.6840
2013-09-10,1.4930,1.9220,1.7220,3.2534,1.1010,1.3740,3.6970
2013-09-09,1.5100,1.9110,1.7330,3.2447,1.0980,1.3790,3.6940
2013-09-06,1.5180,1.8790,1.7390,3.2335,1.0750,1.4080,3.6850
2013-09-05,1.5190,1.8790,1.7306,3.2360,1.0690,1.4010,3.6830
2013-09-04,1.5060,1.8720,1.7132,3.2249,1.0710,1.3630,3.6690
2013-09-03,1.5180,1.8740,1.7132,3.2270,1.0760,1.3590,3.6700
2013-09-02,1.4990,1.8490,1.6956,3.2004,1.0610,1.3250,3.6500
2013-08-30,1.4840,1.8450,1.6783,3.1910,1.0570,1.3070,3.6310
2013-08-29,1.5220,1.8560,1.7012,3.2038,1.0650,1.3720,3.6470
2013-08-28,1.5250,1.8590,1.7044,3.2119,1.0700,1.3740,3.6470
2013-08-27,1.5430,1.8800,1.7278,3.2343,1.0860,1.4070,3.6640
2013-08-26,1.5390,1.8750,1.7242,3.2385,1.0810,1.3990,3.6600
2013-08-23,1.5170,1.8500,1.7133,3.2171,1.0630,1.3750,3.6470
2013-08-22,1.5010,1.8510,1.6934,3.2275,1.0680,1.3460,3.6430
2013-08-21,1.4950,1.8460,1.6768,3.2254,1.0650,1.3260,3.6340
2013-08-20,1.4950,1.8550,1.6725,3.2275,1.0670,1.3300,3.6370
2013-08-19,1.5060,1.8600,1.6730,3.2344,1.0750,1.3120,3.6410
2013-08-16,1.4810,1.8390,1.6478,3.2074,1.0580,1.2630,3.6210
2013-08-15,1.5160,1.8550,1.6737,3.2322,1.0700,1.3050,3.6360
2013-08-14,1.5600,1.8820,1.6995,3.2518,1.0840,1.3180,3.6530
2013-08-13,1.5610,1.8870,1.7015,3.2554,1.0870,1.2960,3.6580
2013-08-12,1.5660,1.8780,1.6966,3.2538,1.0780,1.2900,3.6590
2013-08-09,1.5770,1.8560,1.7045,3.2404,1.0580,1.3050,3.6540
2013-08-08,1.5760,1.8500,1.7091,3.2396,1.0580,1.3180,3.6540
2013-08-07,1.5570,1.8480,1.6941,3.2493,1.0570,1.3160,3.6540
2013-08-06,1.5810,1.8480,1.7186,3.2739,1.0620,1.3400,3.6650
2013-08-05,1.5700,1.8450,1.7072,3.2723,1.0540,1.3230,3.6570
2013-08-02,1.5380,1.8220,1.6893,3.2439,1.0380,1.3160,3.6360
2013-08-01,1.5350,1.8080,1.6900,3.2144,1.0350,1.3150,3.6300
2013-07-31,1.4970,1.7720,1.6516,3.1812,1.0090,1.2620,3.6020
2013-07-30,1.4980,1.7670,1.6476,3.1715,1.0010,1.2520,3.6030
2013-07-29,1.5220,1.7700,1.6615,3.1794,1.0020,1.2720,3.6080
2013-07-26,1.5350,1.7950,1.6787,3.2076,1.0220,1.2960,3.6260
2013-07-25,1.5440,1.8000,1.6809,3.2062,1.0250,1.2850,3.6290
2013-07-24,1.5870,1.8130,1.7222,3.2252,1.0380,1.3550,3.6500
2013-07-23,1.5570,1.8210,1.7011,3.2225,1.0400,1.3250,3.6440
2013-07-22,1.5320,1.7910,1.6746,3.1911,1.0120,1.3030,3.6210
2013-07-19,1.4860,1.7840,1.6459,3.1669,1.0030,1.2670,3.6060
2013-07-18,1.5070,1.8090,1.6517,3.1837,1.0270,1.2850,3.6190
2013-07-17,1.5080,1.8230,1.6570,3.1961,1.0390,1.2850,3.6250
2013-07-16,1.5430,1.8420,1.6749,3.2164,1.0550,1.2930,3.6440
2013-07-15,1.5380,1.8410,1.6721,3.2035,1.0490,1.3020,3.6410
2013-07-12,1.5020,1.8180,1.6411,3.1646,1.0290,1.2520,3.6190
2013-07-11,1.4840,1.8350,1.6305,3.1654,1.0420,1.2300,3.6150
2013-07-10,1.4630,1.7910,1.6171,3.1332,1.0020,1.2140,3.5950
2013-07-09,1.4390,1.7590,1.5963,3.1008,0.9790,1.1890,3.5820
2013-07-08,1.4180,1.7630,1.5851,3.1078,0.9770,1.1710,3.5780
2013-07-05,1.4370,1.7930,1.6123,3.1404,1.0050,1.1970,3.5990
2013-07-04,1.4610,1.7930,1.6303,3.1406,1.0070,1.2310,3.6070
2013-07-03,1.4780,1.7870,1.6427,3.1269,1.0060,1.2450,3.6080
2013-07-02,1.4610,1.7890,1.6238,3.1224,1.0080,1.2250,3.5950
2013-07-01,1.4130,1.7720,1.5987,3.1038,0.9970,1.2080,3.5780
2013-06-30,1.3710,1.7500,1.5626,3.0802,0.9820,1.1630,3.5500
2013-06-28,1.3710,1.7500,1.5626,3.0804,0.9820,1.1630,3.5500
2013-06-27,1.3850,1.7210,1.5650,3.0644,0.9700,1.1520,3.5450
2013-06-26,1.3950,1.7270,1.5742,3.0771,0.9780,1.1550,3.5530
2013-06-25,1.3420,1.6980,1.5362,3.0457,0.9590,1.1030,3.5300
2013-06-24,1.3480,1.6900,1.5239,3.0388,0.9610,1.0880,3.5210
2013-06-21,1.4050,1.7570,1.5597,3.1044,1.0170,1.1360,3.5610
2013-06-20,1.3880,1.7590,1.5559,3.1080,1.0170,1.1430,3.5610
2013-06-19,1.4230,1.8020,1.5846,3.1479,1.0500,1.1930,3.5870
2013-06-18,1.4360,1.8110,1.5848,3.1619,1.0560,1.2110,3.5880
2013-06-17,1.4400,1.8020,1.5866,3.1566,1.0520,1.2180,3.5770
2013-06-14,1.4160,1.7920,1.5751,3.1631,1.0530,1.2040,3.5740
2013-06-13,1.3850,1.7680,1.5512,3.1291,1.0360,1.1700,3.5590
2013-06-07,1.3990,1.8030,1.5585,3.1610,1.0600,1.1870,3.5760
2013-06-06,1.4140,1.8200,1.5604,3.1780,1.0700,1.1890,3.5900
2013-06-05,1.4400,1.8400,1.5702,3.2003,1.0820,1.1970,3.6010
2013-06-04,1.4280,1.8340,1.5602,3.1965,1.0790,1.1990,3.6000
2013-06-03,1.4630,1.8600,1.5871,3.2163,1.0970,1.2160,3.6130
2013-05-31,1.4860,1.8700,1.6024,3.2216,1.1050,1.2480,3.6190
2013-05-30,1.4830,1.8790,1.6100,3.2439,1.1170,1.2550,3.6290
2013-05-29,1.4600,1.8780,1.6096,3.2483,1.1190,1.2560,3.6280
2013-05-28,1.4350,1.8710,1.5998,3.2476,1.1120,1.2430,3.6240
2013-05-27,1.4330,1.8600,1.6193,3.2356,1.1090,1.2680,3.6200
2013-05-24,1.4160,1.8550,1.6116,3.2305,1.0990,1.2450,3.6100
2013-05-23,1.3930,1.8470,1.5939,3.2173,1.0910,1.2120,3.6040
2013-05-22,1.3790,1.8490,1.5962,3.2235,1.0950,1.2220,3.6070
2013-05-21,1.3730,1.8500,1.6218,3.2285,1.1010,1.2540,3.6180
2013-05-20,1.3510,1.8380,1.6068,3.2228,1.0950,1.2300,3.6210
2013-05-17,1.3790,1.8270,1.6075,3.2085,1.0810,1.2040,3.6190
2013-05-16,1.3780,1.8010,1.5954,3.1846,1.0650,1.1850,3.6090
2013-05-15,1.3760,1.7750,1.5956,3.1693,1.0540,1.1780,3.5980
2013-05-14,1.3490,1.7650,1.5660,3.1513,1.0430,1.1550,3.5840
2013-05-13,1.3610,1.7800,1.5796,3.1721,1.0530,1.1610,3.5950
2013-05-10,1.3560,1.7840,1.5803,3.1719,1.0520,1.1510,3.5970
2013-05-09,1.3660,1.7830,1.5844,3.1648,1.0490,1.1570,3.5960
2013-05-08,1.3700,1.7910,1.5800,3.1639,1.0520,1.1590,3.6010
2013-05-07,1.3480,1.7810,1.5646,3.1584,1.0460,1.1470,3.5920
2013-05-06,1.3550,1.7830,1.5630,3.1562,1.0460,1.1470,3.5930
2013-05-03,1.3360,1.7690,1.5464,3.1303,1.0320,1.1210,3.5810
2013-05-02,1.3040,1.7500,1.5271,3.1102,1.0200,1.0880,3.5600
2013-04-26,1.2760,1.7380,1.5115,3.1113,1.0150,1.0690,3.5510
2013-04-25,1.2970,1.7540,1.5224,3.1247,1.0250,1.0920,3.5600
2013-04-24,1.2970,1.7720,1.5449,3.1520,1.0380,1.1250,3.5680
2013-04-23,1.2660,1.7470,1.5282,3.1256,1.0180,1.0950,3.5520
2013-04-22,1.2890,1.7850,1.5541,3.1580,1.0440,1.1170,3.5760
2013-04-19,1.2810,1.7880,1.5466,3.1529,1.0380,1.0960,3.5720
2013-04-18,1.2650,1.7670,1.5305,3.1262,1.0140,1.0740,3.5540
2013-04-17,1.2690,1.7640,1.5309,3.1309,1.0110,1.0660,3.5540
2013-04-16,1.2400,1.7480,1.5189,3.1115,1.0010,1.0430,3.5380
2013-04-15,1.2330,1.7320,1.5076,3.1004,0.9920,1.0340,3.5330
2013-04-12,1.2380,1.7380,1.5111,3.1091,1.0030,1.0520,3.5410
2013-04-11,1.2410,1.7420,1.5131,3.1077,1.0070,1.0510,3.5360
2013-04-10,1.2460,1.7430,1.5136,3.1027,1.0090,1.0540,3.5340
2013-04-09,1.2730,1.7490,1.5259,3.1061,1.0100,1.0680,3.5420
2013-04-08,1.2940,1.7360,1.5313,3.0978,1.0000,1.0550,3.5420
2013-04-03,1.2740,1.7350,1.5215,3.1050,0.9950,1.0270,3.5310
2013-04-02,1.2790,1.7380,1.5274,3.1107,1.0050,1.0340,3.5390
2013-04-01,1.3280,1.7540,1.5552,3.1267,1.0180,1.0780,3.5620
2013-03-29,1.3240,1.7530,1.5501,3.1186,1.0100,1.0710,3.5570
2013-03-28,1.3260,1.7580,1.5500,3.1321,1.0140,1.0750,3.5650
2013-03-27,1.3400,1.7940,1.5765,3.1591,1.0390,1.1020,3.5850
2013-03-26,1.3180,1.7800,1.5665,3.1530,1.0390,1.0930,3.5800
2013-03-25,1.3190,1.7860,1.5712,3.1462,1.0450,1.0970,3.5750
2013-03-22,1.3260,1.7850,1.5756,3.1503,1.0480,1.1000,3.5760
2013-03-21,1.3140,1.7850,1.5698,3.1468,1.0450,1.0890,3.5780
2013-03-20,1.2970,1.7780,1.5616,3.1338,1.0380,1.0740,3.5660
2013-03-19,1.2730,1.7380,1.5384,3.1018,1.0080,1.0510,3.5400
2013-03-18,1.2870,1.7320,1.5396,3.0989,1.0050,1.0510,3.5390
2013-03-15,1.2970,1.7410,1.5416,3.1030,1.0160,1.0540,3.5350
2013-03-14,1.2850,1.7400,1.5329,3.0996,1.0150,1.0480,3.5300
2013-03-13,1.2590,1.7240,1.5198,3.0941,1.0120,1.0390,3.5200
2013-03-12,1.2590,1.7320,1.5257,3.1102,1.0190,1.0420,3.5280
2013-03-11,1.2950,1.7570,1.5445,3.1252,1.0380,1.0680,3.5410
2013-03-08,1.2850,1.7600,1.5416,3.1274,1.0400,1.0730,3.5430
2013-03-07,1.3100,1.7720,1.5553,3.1440,1.0500,1.0890,3.5560
2013-03-06,1.3470,1.7910,1.5809,3.1598,1.0640,1.1180,3.5740
2013-03-05,1.3240,1.7790,1.5748,3.1471,1.0500,1.1040,3.5570
2013-03-04,1.2790,1.7440,1.5520,3.1257,1.0230,1.0720,3.5280
2013-03-01,1.3000,1.8060,1.5803,3.1733,1.0600,1.1010,3.5510
2013-02-28,1.2790,1.7970,1.5613,3.1624,1.0520,1.0810,3.5430
2013-02-27,1.2660,1.7650,1.5324,3.1324,1.0340,1.0540,3.5220
2013-02-26,1.2840,1.7550,1.5280,3.1304,1.0340,1.0560,3.5200
2013-02-25,1.2880,1.7610,1.5379,3.1461,1.0470,1.0580,3.5260
2013-02-22,1.2780,1.7540,1.5279,3.1408,1.0390,1.0460,3.5200
2013-02-21,1.2950,1.7580,1.5390,3.1529,1.0380,1.0600,3.5300
2013-02-20,1.3110,1.7810,1.5624,3.1746,1.0510,1.0880,3.5460
2013-02-19,1.2540,1.7620,1.5368,3.1497,1.0350,1.0710,3.5230
2013-02-18,1.2660,1.7870,1.5582,3.1796,1.0490,1.0890,3.5370
2013-02-08,1.2650,1.7980,1.5608,3.1868,1.0530,1.0870,3.5410
2013-02-07,1.2390,1.7880,1.5451,3.1622,1.0440,1.0810,3.5310
2013-02-06,1.2270,1.7910,1.5412,3.1597,1.0410,1.0860,3.5290
2013-02-05,1.2090,1.7800,1.5330,3.1556,1.0370,1.0780,3.5250
2013-02-04,1.1930,1.7680,1.5239,3.1339,1.0260,1.0710,3.5120
2013-02-01,1.2230,1.7780,1.5357,3.1386,1.0360,1.0830,3.5170
2013-01-31,1.2210,1.7580,1.5259,3.1237,1.0260,1.0660,3.4980
2013-01-30,1.2310,1.7740,1.5344,3.1298,1.0320,1.0760,3.5070
2013-01-29,1.2430,1.7740,1.5355,3.1258,1.0300,1.0830,3.5050
2013-01-28,1.2430,1.7640,1.5276,3.1206,1.0210,1.0740,3.5000
2013-01-25,1.2160,1.7260,1.5000,3.0896,1.0060,1.0380,3.4720
2013-01-24,1.1840,1.7230,1.4968,3.0838,1.0090,1.0330,3.4680
2013-01-23,1.2000,1.7340,1.5168,3.1125,1.0220,1.0580,3.4750
2013-01-22,1.1960,1.7270,1.5134,3.1098,1.0220,1.0510,3.4700
2013-01-21,1.2200,1.7340,1.5276,3.1261,1.0310,1.0610,3.4750
2013-01-18,1.2140,1.7250,1.5289,3.1251,1.0300,1.0490,3.4730
2013-01-17,1.1970,1.6990,1.5074,3.1029,1.0210,1.0320,3.4550
2013-01-16,1.1950,1.7030,1.5106,3.1114,1.0250,1.0410,3.4570
2013-01-15,1.1780,1.7050,1.5150,3.1145,1.0310,1.0480,3.4560
2013-01-14,1.1640,1.6930,1.5095,3.1069,1.0220,1.0380,3.4490
2013-01-11,1.1370,1.6470,1.4841,3.0655,0.9960,1.0030,3.4170
2013-01-10,1.1490,1.6620,1.5042,3.0853,1.0100,1.0270,3.4280
2013-01-09,1.1400,1.6560,1.5001,3.0819,1.0090,1.0210,3.4250
2013-01-08,1.1350,1.6530,1.4942,3.0767,1.0010,1.0220,3.4220
2013-01-07,1.1000,1.6540,1.4872,3.0681,0.9930,1.0220,3.4180
2013-01-04,1.0870,1.6400,1.4891,3.0574,0.9890,1.0140,3.4090
2012-12-31,1.1160,1.6520,1.4971,3.0719,0.9960,1.0090,3.4060
2012-12-28,1.1100,1.6350,1.4836,3.0581,0.9860,0.9900,3.3950
2012-12-27,1.0980,1.6180,1.4726,3.0369,0.9760,0.9760,3.3880
2012-12-26,1.1000,1.6250,1.4750,3.0435,0.9790,0.9820,3.3950
2012-12-25,1.0970,1.6100,1.4653,3.0239,0.9690,0.9680,3.3880
2012-12-24,1.0800,1.5800,1.4438,2.9950,0.9490,0.9490,3.3650
2012-12-21,1.0540,1.5620,1.4372,2.9910,0.9460,0.9400,3.3570
2012-12-20,1.0410,1.5580,1.4383,2.9866,0.9450,0.9370,3.3550
2012-12-19,1.0410,1.5500,1.4334,2.9776,0.9400,0.9290,3.3530
2012-12-18,1.0320,1.5460,1.4331,2.9660,0.9350,0.9230,3.3500
2012-12-17,1.0400,1.5570,1.4362,2.9711,0.9350,0.9290,3.3570
2012-12-14,1.0640,1.5670,1.4371,2.9711,0.9320,0.9300,3.3660
2012-12-13,1.0410,1.5230,1.4074,2.9300,0.9010,0.8960,3.3390
2012-12-12,1.0410,1.5290,1.4122,2.9396,0.9110,0.9090,3.3420
2012-12-11,1.0460,1.5310,1.4111,2.9371,0.9100,0.9070,3.3420
2012-12-10,1.0500,1.5320,1.4155,2.9369,0.9130,0.9130,3.3450
2012-12-07,1.0540,1.5230,1.4093,2.9177,0.9020,0.9040,3.3390
2012-12-06,1.0390,1.5080,1.3982,2.8989,0.8850,0.8920,3.3290
2012-12-05,1.0430,1.5100,1.3990,2.9012,0.8880,0.8940,3.3300
2012-12-04,1.0190,1.4770,1.3799,2.8692,0.8590,0.8730,3.3100
2012-12-03,1.0170,1.4690,1.3754,2.8611,0.8460,0.8640,3.3070
2012-11-30,1.0310,1.4700,1.3804,2.8808,0.8660,0.8690,3.3140
2012-11-29,1.0190,1.4550,1.3682,2.8709,0.8560,0.8570,3.3070
2012-11-28,1.0140,1.4550,1.3702,2.8726,0.8620,0.8610,3.3060
2012-11-27,1.0240,1.4660,1.3791,2.8921,0.8710,0.8670,3.3140
2012-11-26,1.0440,1.4800,1.3874,2.9107,0.8870,0.8790,3.3210
2012-11-23,1.0510,1.4910,1.3932,2.9197,0.9010,0.8930,3.3260
2012-11-22,1.0520,1.4880,1.3888,2.9104,0.8980,0.8940,3.3240
2012-11-21,1.0630,1.5020,1.3953,2.9182,0.9090,0.9050,3.3290
2012-11-20,1.0620,1.4970,1.3913,2.9079,0.9020,0.9030,3.3230
2012-11-19,1.0640,1.4950,1.3932,2.9150,0.9040,0.9030,3.3240
2012-11-16,1.0710,1.4970,1.3949,2.9222,0.9100,0.9040,3.3270
2012-11-15,1.0850,1.5040,1.3994,2.9304,0.9160,0.9050,3.3310
2012-11-14,1.0840,1.5130,1.4036,2.9462,0.9250,0.9080,3.3350
2012-11-13,1.0730,1.5130,1.4043,2.9447,0.9210,0.9100,3.3320
2012-11-12,1.0840,1.5280,1.4109,2.9641,0.9360,0.9200,3.3400
2012-11-09,1.1020,1.5300,1.4143,2.9728,0.9360,0.9190,3.3420
2012-11-08,1.1130,1.5370,1.4176,2.9718,0.9410,0.9280,3.3460
2012-11-07,1.1220,1.5490,1.4274,2.9901,0.9550,0.9420,3.3520
2012-11-06,1.1250,1.5540,1.4299,2.9916,0.9580,0.9450,3.3550
2012-11-05,1.1240,1.5570,1.4342,2.9988,0.9650,0.9500,3.3570
2012-11-02,1.1370,1.5660,1.4368,3.0102,0.9710,0.9700,3.3610
2012-11-01,1.1380,1.5650,1.4367,3.0048,0.9690,0.9750,3.3590
2012-10-31,1.1300,1.5500,1.4283,2.9854,0.9540,0.9650,3.3500
2012-10-30,1.1140,1.5420,1.4227,2.9777,0.9530,0.9560,3.3410
2012-10-29,1.1110,1.5350,1.4236,2.9741,0.9530,0.9560,3.3380
2012-10-26,1.1030,1.5340,1.4234,2.9776,0.9530,0.9480,3.3360
2012-10-25,1.1040,1.5400,1.4330,2.9988,0.9660,0.9520,3.3440
2012-10-24,1.1140,1.5500,1.4385,3.0226,0.9740,0.9630,3.3520
2012-10-23,1.1260,1.5530,1.4415,3.0284,0.9790,0.9660,3.3500
2012-10-22,1.1520,1.5670,1.4521,3.0508,0.9970,0.9850,3.3570
2012-10-19,1.1480,1.5610,1.4493,3.0484,0.9930,0.9800,3.3540
2012-10-18,1.1600,1.5610,1.4522,3.0473,0.9940,0.9800,3.3530
2012-10-17,1.1530,1.5460,1.4430,3.0222,0.9800,0.9660,3.3420
2012-10-16,1.1580,1.5460,1.4416,3.0249,0.9780,0.9610,3.3440
2012-10-15,1.1500,1.5420,1.4402,3.0241,0.9720,0.9550,3.3410
2012-10-12,1.1340,1.5400,1.4407,3.0273,0.9740,0.9590,3.3450
2012-10-11,1.1380,1.5430,1.4426,3.0259,0.9720,0.9650,3.3480
2012-10-10,1.1470,1.5500,1.4477,3.0366,0.9840,0.9750,3.3550
2012-10-09,1.1340,1.5440,1.4448,3.0340,0.9790,0.9720,3.3520
2012-10-08,1.1090,1.5210,1.4293,3.0011,0.9580,0.9520,3.3380
2012-09-30,1.1080,1.5260,1.4362,3.0157,0.9640,0.9500,3.3430
2012-09-28,1.1080,1.5260,1.4363,3.0158,0.9640,0.9500,3.3430
2012-09-27,1.0940,1.5110,1.4270,2.9919,0.9490,0.9370,3.3310
2012-09-26,1.0780,1.4920,1.4163,2.9673,0.9280,0.9200,3.3160
2012-09-25,1.0900,1.5080,1.4254,2.9867,0.9410,0.9340,3.3230
2012-09-24,1.0920,1.5070,1.4236,2.9904,0.9420,0.9370,3.3240
2012-09-21,1.0870,1.5020,1.4229,2.9772,0.9360,0.9340,3.3190
2012-09-20,1.0960,1.5050,1.4260,2.9725,0.9380,0.9420,3.3190
2012-09-19,1.1190,1.5200,1.4375,2.9937,0.9570,0.9560,3.3300
2012-09-18,1.1100,1.5190,1.4384,2.9860,0.9550,0.9540,3.3290
2012-09-17,1.1090,1.5230,1.4437,2.9954,0.9600,0.9520,3.3290
2012-09-14,1.1260,1.5440,1.4557,3.0291,0.9790,0.9680,3.3440
2012-09-13,1.1280,1.5490,1.4549,3.0263,0.9770,0.9770,3.3460
2012-09-12,1.1390,1.5550,1.4592,3.0391,0.9870,0.9840,3.3520
2012-09-11,1.1350,1.5510,1.4597,3.0355,0.9820,0.9830,3.3500
2012-09-10,1.1260,1.5530,1.4637,3.0414,0.9870,0.9890,3.3540
2012-09-07,1.1260,1.5510,1.4654,3.0333,0.9820,0.9880,3.3540
2012-09-06,1.1040,1.5260,1.4487,2.9911,0.9500,0.9670,3.3350
2012-09-05,1.1020,1.5190,1.4468,2.9913,0.9430,0.9630,3.3330
2012-09-04,1.0990,1.5140,1.4459,2.9846,0.9440,0.9570,3.3280
2012-09-03,1.1030,1.5180,1.4478,2.9890,0.9530,0.9580,3.3310
2012-08-31,1.0800,1.4980,1.4392,2.9705,0.9350,0.9390,3.3200
2012-08-30,1.0750,1.4940,1.4418,2.9697,0.9330,0.9390,3.3190
2012-08-29,1.1020,1.5080,1.4484,2.9779,0.9430,0.9610,3.3260
2012-08-28,1.0990,1.5110,1.4532,2.9828,0.9480,0.9560,3.3280
2012-08-27,1.1000,1.5090,1.4514,2.9886,0.9460,0.9580,3.3320
2012-08-24,1.1150,1.5230,1.4646,3.0022,0.9600,0.9700,3.3400
2012-08-23,1.1250,1.5380,1.4694,3.0126,0.9720,0.9780,3.3440
2012-08-22,1.1280,1.5390,1.4696,3.0162,0.9720,0.9820,3.3420
2012-08-21,1.1370,1.5460,1.4747,3.0313,0.9770,0.9840,3.3490
2012-08-20,1.1130,1.5350,1.4660,3.0158,0.9680,0.9740,3.3400
2012-08-17,1.1040,1.5360,1.4645,3.0157,0.9670,0.9710,3.3400
2012-08-16,1.1150,1.5420,1.4695,3.0185,0.9700,0.9770,3.3440
2012-08-15,1.1300,1.5470,1.4742,3.0252,0.9780,0.9900,3.3480
2012-08-14,1.1380,1.5570,1.4803,3.0328,0.9870,0.9900,3.3510
2012-08-13,1.1420,1.5570,1.4829,3.0260,0.9820,0.9970,3.3510
2012-08-10,1.1460,1.5700,1.4977,3.0446,0.9970,1.0050,3.3630
2012-08-09,1.1410,1.5730,1.5028,3.0522,1.0020,1.0080,3.3650
2012-08-08,1.1140,1.5560,1.4914,3.0363,0.9880,0.9890,3.3530
2012-08-07,1.1280,1.5600,1.4921,3.0362,0.9900,0.9950,3.3550
2012-08-06,1.1290,1.5570,1.4927,3.0320,0.9860,0.9890,3.3530
2012-08-03,1.1140,1.5400,1.4837,3.0140,0.9700,0.9770,3.3430
2012-08-02,1.0880,1.5240,1.4760,3.0049,0.9570,0.9680,3.3380
2012-08-01,1.0640,1.5300,1.4786,3.0261,0.9610,0.9690,3.3480
2012-07-31,1.0480,1.5200,1.4709,3.0145,0.9490,0.9640,3.3410
2012-07-30,1.0500,1.5200,1.4733,3.0224,0.9550,0.9680,3.3420
2012-07-27,1.0570,1.5290,1.4835,3.0314,0.9620,0.9740,3.3450
2012-07-26,1.0800,1.5310,1.4911,3.0294,0.9600,0.9820,3.3470
2012-07-25,1.0910,1.5390,1.4994,3.0410,0.9630,0.9810,3.3530
2012-07-24,1.0870,1.5420,1.4988,3.0452,0.9660,0.9790,3.3560
2012-07-23,1.0860,1.5330,1.4933,3.0298,0.9620,0.9730,3.3520
2012-07-20,1.0860,1.5400,1.5021,3.0373,0.9700,0.9820,3.3560
2012-07-19,1.0760,1.5460,1.5110,3.0471,0.9770,0.9820,3.3600
2012-07-18,1.0690,1.5430,1.5045,3.0417,0.9730,0.9810,3.3610
2012-07-17,1.0760,1.5530,1.5045,3.0452,0.9700,0.9890,3.3660
2012-07-16,1.0860,1.5540,1.5055,3.0482,0.9660,0.9890,3.3640
2012-07-13,1.1100,1.5790,1.5278,3.0859,0.9830,0.9980,3.3850
2012-07-12,1.1020,1.5760,1.5265,3.0870,0.9850,0.9980,3.3850
2012-07-11,1.0960,1.5680,1.5156,3.0697,0.9730,0.9920,3.3740
2012-07-10,1.0690,1.5610,1.5080,3.0578,0.9640,0.9910,3.3730
2012-07-09,1.0910,1.5680,1.5132,3.0767,0.9710,1.0000,3.3790
2012-07-06,1.1010,1.5680,1.5251,3.1008,0.9860,1.0040,3.3820
2012-07-05,1.0720,1.5520,1.5032,3.0778,0.9690,0.9940,3.3660
2012-07-04,1.0730,1.5620,1.5173,3.0948,0.9800,0.9970,3.3680
2012-07-03,1.0920,1.5660,1.5192,3.0961,0.9850,1.0050,3.3710
2012-07-02,1.1000,1.5560,1.5197,3.0830,0.9790,1.0040,3.3680
2012-06-30,1.0760,1.5450,1.5111,3.0710,0.9690,0.9930,3.3650
2012-06-29,1.0760,1.5450,1.5112,3.0710,0.9690,0.9930,3.3650
2012-06-28,1.0610,1.5310,1.4958,3.0541,0.9550,0.9860,3.3610
2012-06-27,1.0570,1.5400,1.5012,3.0713,0.9620,0.9870,3.3640
2012-06-26,1.0440,1.5320,1.5007,3.0713,0.9570,0.9810,3.3600
2012-06-25,1.0440,1.5300,1.4995,3.0691,0.9590,0.9850,3.3590
2012-06-21,1.0450,1.5470,1.5192,3.0945,0.9700,0.9910,3.3710
2012-06-20,1.0480,1.5530,1.5328,3.1039,0.9780,0.9980,3.3750
2012-06-19,1.0670,1.5520,1.5424,3.1113,0.9800,1.0030,3.3790
2012-06-18,1.0680,1.5570,1.5520,3.1244,0.9860,1.0090,3.3820
2012-06-15,1.0620,1.5480,1.5485,3.1101,0.9790,1.0020,3.3790
2012-06-14,1.0570,1.5500,1.5592,3.1186,0.9790,1.0060,3.3920
2012-06-13,1.0630,1.5550,1.5593,3.1214,0.9800,1.0100,3.3910
2012-06-12,1.0380,1.5390,1.5364,3.0923,0.9660,1.0030,3.3770
2012-06-11,1.0310,1.5400,1.5407,3.0919,0.9670,1.0000,3.3770
2012-06-08,1.0120,1.5220,1.5255,3.0735,0.9560,0.9930,3.3670
2012-06-07,1.0110,1.5290,1.5255,3.0812,0.9610,0.9910,3.3670
2012-06-06,1.0180,1.5300,1.5276,3.0809,0.9630,0.9920,3.3680
2012-06-05,1.0220,1.5320,1.5327,3.0878,0.9630,0.9920,3.3690
2012-06-04,1.0060,1.5310,1.5326,3.0876,0.9630,0.9920,3.3660
2012-06-01,1.0170,1.5510,1.5570,3.1139,0.9790,0.9970,3.3770
2012-05-31,1.0090,1.5470,1.5541,3.1053,0.9780,0.9980,3.3780
2012-05-30,1.0020,1.5440,1.5513,3.0951,0.9760,0.9970,3.3770
2012-05-29,1.0020,1.5450,1.5536,3.0948,0.9750,NA,3.3790
2012-05-28,0.9940,1.5350,1.5427,3.0787,0.9670,NA,3.3720
2012-05-25,0.9890,1.5170,1.5280,3.0579,0.9550,0.9940,3.3620
2012-05-24,0.9990,1.5260,1.5402,3.0746,0.9630,0.9960,3.3670
2012-05-23,1.0080,1.5360,1.5582,3.0880,0.9680,NA,3.3740
2012-05-22,1.0080,1.5350,1.5544,3.0888,0.9640,NA,3.3740
2012-05-21,0.9950,1.5220,1.5356,3.0682,0.9500,NA,3.3640
2012-05-18,0.9940,1.5200,1.5304,3.0592,0.9460,0.9980,3.3610
2012-05-17,1.0090,1.5330,1.5461,3.0794,0.9550,NA,3.3690
2012-05-16,1.0080,1.5250,1.5292,3.0684,0.9500,NA,3.3610
2012-05-15,1.0140,1.5370,1.5436,3.0892,0.9580,NA,3.3710
2012-05-14,1.0150,1.5390,1.5420,3.0895,0.9550,NA,3.3670
2012-05-11,1.0110,1.5430,1.5537,3.0931,0.9570,0.9990,3.3720
2012-05-10,1.0090,1.5450,1.5579,3.1020,0.9600,NA,3.3770
2012-05-09,1.0050,1.5470,1.5601,3.1054,0.9600,NA,3.3770
2012-05-08,1.0090,1.5620,1.5777,3.1268,0.9690,NA,3.3860
2012-05-07,1.0100,1.5660,1.5817,3.1294,0.9740,NA,3.3900
2012-05-04,1.0060,1.5590,1.5736,3.1235,0.9680,1.0000,3.3850
2012-05-03,1.0040,1.5490,1.5575,3.1058,0.9610,NA,3.3740
2012-05-02,0.9930,1.5440,1.5516,3.1013,0.9590,NA,3.3710
